日期,外資買賣超,投信買賣超,自營商買賣超,單日合計買賣超,外資估計持股,投信估計持股,自營商估計持股,單日合計估計持股,外資持股比重,三大法人持股比重,
107/03/31,0,0,0,0,7894,24,3,7921,8.69%,8.72%,
107/03/30,0,0,0,0,7894,24,3,7921,8.69%,8.72%,
107/03/29,0,0,0,0,7894,24,3,7921,8.69%,8.72%,
107/03/28,0,0,0,0,7894,24,3,7921,8.69%,8.72%,
107/03/27,0,0,0,0,7894,24,3,7921,8.69%,8.72%,
107/03/26,-5,0,0,-5,7894,24,3,7921,8.69%,8.72%,
107/03/23,-2,0,0,-2,7899,24,3,7926,8.69%,8.72%,
107/03/22,0,0,0,0,7901,24,3,7928,8.69%,8.72%,
107/03/21,0,0,0,0,7901,24,3,7928,8.69%,8.72%,
107/03/20,-9,0,0,-9,7901,24,3,7928,8.69%,8.72%,
107/03/19,0,0,0,0,7910,24,3,7937,8.70%,8.73%,
107/03/16,-27,0,0,-27,7910,24,3,7937,8.70%,8.73%,
107/03/15,0,0,0,0,7937,24,3,7964,8.73%,8.76%,
107/03/14,6,0,0,6,7937,24,3,7964,8.73%,8.76%,
107/03/13,5,0,0,5,7931,24,3,7958,8.73%,8.76%,
107/03/12,0,0,0,0,7926,24,3,7953,8.72%,8.75%,
107/03/09,-3,0,0,-3,7926,24,3,7953,8.72%,8.75%,
107/03/08,-35,0,0,-35,7939,24,3,7966,8.74%,8.77%,
107/03/07,-3,0,0,-3,7974,24,3,8001,8.77%,8.80%,
107/03/06,-1,0,0,-1,7977,24,3,8004,8.78%,8.81%,
107/03/05,-24,0,1,-23,7978,24,3,8005,8.78%,8.81%,
107/03/02,-12,0,0,-12,8002,24,2,8028,8.81%,8.84%,
107/03/01,0,0,0,0,8014,24,2,8040,8.82%,8.85%,
107/02/27,0,0,0,0,8014,24,2,8040,8.82%,8.85%,
107/02/26,0,0,0,0,8014,24,2,8040,8.82%,8.85%,
107/02/23,3,0,0,3,8014,24,2,8040,8.82%,8.85%,
107/02/22,1,0,1,2,8011,24,2,8037,8.82%,8.85%,
107/02/21,-1,0,0,-1,8010,24,1,8035,8.81%,8.84%,
107/02/12,-3,0,0,-3,8011,24,1,8036,8.82%,8.85%,
107/02/09,-1,0,0,-1,8015,24,1,8040,8.82%,8.85%,
107/02/08,5,0,0,5,8006,24,1,8031,8.81%,8.84%,
107/02/07,-21,0,0,-21,8001,24,1,8026,8.80%,8.83%,
107/02/06,-12,0,-1,-13,8022,24,1,8047,8.83%,8.86%,
107/02/05,11,0,0,11,8034,24,2,8060,8.84%,8.87%,
107/02/02,0,0,0,0,8023,24,2,8049,8.83%,8.86%,
107/02/01,-1,0,0,-1,8023,24,2,8049,8.83%,8.86%,
107/01/31,1,0,0,1,8024,24,2,8050,8.83%,8.86%,
107/01/30,0,0,0,0,8023,24,2,8049,8.83%,8.86%,
107/01/29,-1,0,0,-1,8023,24,2,8049,8.83%,8.86%,
107/01/26,-1,0,0,-1,8024,24,2,8050,8.83%,8.86%,
107/01/25,1,0,-15,-14,8025,24,2,8051,8.83%,8.86%,
107/01/24,0,0,1,1,8024,24,17,8065,8.83%,8.88%,
107/01/23,1,0,0,1,8024,24,16,8064,8.83%,8.87%,
107/01/22,-1,0,0,-1,8023,24,16,8063,8.83%,8.87%,
107/01/19,0,0,0,0,8024,24,16,8064,8.83%,8.87%,
107/01/18,-3,0,2,-1,8024,24,16,8064,8.83%,8.87%,
107/01/17,9,0,13,22,8027,24,14,8065,8.83%,8.87%,
107/01/16,2,0,0,2,8018,24,1,8043,8.82%,8.85%,
107/01/15,0,0,0,0,8016,24,1,8041,8.82%,8.85%,
107/01/12,-1,0,0,-1,8016,24,1,8041,8.82%,8.85%,
107/01/11,-7,0,0,-7,8033,24,1,8058,8.84%,8.87%,
107/01/10,-8,0,0,-8,8040,24,1,8065,8.85%,8.88%,
107/01/09,-7,0,0,-7,8048,24,1,8073,8.86%,8.89%,
107/01/08,-1,0,0,-1,8055,24,1,8080,8.86%,8.89%,
107/01/05,0,0,0,0,8056,24,1,8081,8.86%,8.89%,
107/01/04,0,0,0,0,8056,24,1,8081,8.86%,8.89%,
107/01/03,-2,0,0,-2,8056,24,1,8081,8.86%,8.89%,
107/01/02,-1,0,0,-1,8058,24,1,8083,8.87%,8.90%,
106/12/29,0,0,0,0,8059,24,1,8084,8.87%,8.90%,
106/12/28,2,0,1,3,8059,24,1,8084,8.87%,8.90%,
106/12/27,0,0,0,0,8057,24,0,8081,8.87%,8.90%,
106/12/26,-8,0,0,-8,8057,24,0,8081,8.87%,8.90%,
106/12/25,-2,0,0,-2,8065,24,0,8089,8.87%,8.90%,
106/12/22,-8,0,0,-8,8067,24,0,8091,8.88%,8.91%,
106/12/21,-1,0,0,-1,8075,24,0,8099,8.89%,8.92%,
106/12/20,-4,0,0,-4,8076,24,0,8100,8.89%,8.92%,
106/12/19,-1,0,0,-1,8129,24,0,8153,8.95%,8.98%,
106/12/18,-2,-4,-1,-7,8130,24,0,8154,8.95%,8.98%,
106/12/15,-1,-4,0,-5,8132,28,1,8161,8.95%,8.98%,
106/12/14,-1,0,0,-1,8133,32,1,8166,8.95%,8.99%,
106/12/13,-33,0,0,-33,8134,32,1,8167,8.95%,8.99%,
106/12/12,-24,0,0,-24,8166,32,1,8199,8.99%,9.03%,
106/12/11,-32,0,0,-32,8190,32,1,8223,9.01%,9.05%,
106/12/08,-11,0,0,-11,8222,32,1,8255,9.05%,9.09%,
106/12/07,-3,0,0,-3,8233,32,1,8266,9.06%,9.10%,
106/12/06,-9,0,1,-8,8236,32,1,8269,9.06%,9.10%,
106/12/05,1,0,0,1,8245,32,0,8277,9.07%,9.11%,
106/12/04,3,0,0,3,8244,32,0,8276,9.07%,9.11%,
106/12/01,-18,0,0,-18,8241,32,0,8273,9.07%,9.11%,
106/11/30,-99,0,-2,-101,8300,32,0,8332,9.13%,9.17%,
106/11/29,-38,0,0,-38,8399,32,1,8432,9.24%,9.28%,
106/11/28,-47,0,0,-47,8396,32,1,8429,9.24%,9.28%,
106/11/27,-78,0,0,-78,8443,32,1,8476,9.29%,9.33%,
106/11/24,-57,0,-2,-59,8521,32,1,8554,9.38%,9.42%,
106/11/23,-30,0,0,-30,8578,32,3,8613,9.44%,9.48%,
106/11/22,-75,0,0,-75,8603,32,3,8638,9.47%,9.51%,
106/11/21,-79,0,0,-79,8678,32,3,8713,9.55%,9.59%,
106/11/20,-47,0,0,-47,8757,32,3,8792,9.64%,9.68%,
106/11/17,-8,0,0,-8,8804,32,3,8839,9.69%,9.73%,
106/11/16,-5,0,0,-5,8812,32,3,8847,9.70%,9.74%,
106/11/15,0,0,0,0,8777,32,3,8812,9.66%,9.70%,
106/11/14,2,0,0,2,8767,32,3,8802,9.65%,9.69%,
106/11/13,-1,0,0,-1,8760,32,3,8795,9.64%,9.68%,
106/11/10,-1,0,0,-1,8761,32,3,8796,9.64%,9.68%,
106/11/09,-4,0,0,-4,8762,32,3,8797,9.64%,9.68%,
106/11/08,0,0,0,0,8780,32,3,8815,9.66%,9.70%,
106/11/07,-6,0,0,-6,8801,32,3,8836,9.69%,9.73%,
106/11/06,-2,0,0,-2,8807,32,3,8842,9.69%,9.73%,
106/11/03,-4,8,0,4,8809,32,3,8844,9.69%,9.73%,
106/11/02,-7,0,0,-7,8813,24,3,8840,9.70%,9.73%,
106/11/01,-4,0,0,-4,8785,24,3,8812,9.67%,9.70%,
106/10/31,-3,0,0,-3,8789,24,3,8816,9.67%,9.70%,
106/10/30,-1,0,0,-1,8792,24,3,8819,9.68%,9.71%,
106/10/27,-3,0,0,-3,8793,24,3,8820,9.68%,9.71%,
106/10/26,0,0,0,0,8796,24,3,8823,9.68%,9.71%,
106/10/25,-2,0,0,-2,8796,24,3,8823,9.68%,9.71%,
106/10/24,0,0,0,0,8798,24,3,8825,9.68%,9.71%,
106/10/23,0,0,0,0,8798,24,3,8825,9.68%,9.71%,
106/10/20,0,0,0,0,8798,24,3,8825,9.68%,9.71%,
106/10/19,0,0,2,2,8798,24,3,8825,9.68%,9.71%,
106/10/18,1,0,0,1,8798,24,1,8823,9.68%,9.71%,
106/10/17,-9,0,0,-9,8797,24,1,8822,9.68%,9.71%,
106/10/16,-1,0,0,-1,8836,24,1,8861,9.72%,9.75%,
106/10/13,0,0,0,0,8837,24,1,8862,9.73%,9.76%,
106/10/12,-5,0,0,-5,8837,24,1,8862,9.73%,9.76%,
106/10/11,-5,0,0,-5,8842,24,1,8867,9.73%,9.76%,
106/10/06,17,0,0,17,8847,24,1,8872,9.74%,9.77%,
106/10/05,2,0,0,2,8830,24,1,8855,9.72%,9.75%,
106/10/03,-5,0,0,-5,8828,24,1,8853,9.72%,9.75%,
106/10/02,2,0,0,2,8833,24,1,8858,9.72%,9.75%,
106/09/30,0,0,0,0,8831,24,1,8856,9.72%,9.75%,
106/09/29,-2,0,0,-2,8831,24,1,8856,9.72%,9.75%,
106/09/28,-4,0,0,-4,8833,24,1,8858,9.72%,9.75%,
106/09/27,-5,0,0,-5,8837,24,1,8862,9.73%,9.76%,
106/09/26,-12,0,-1,-13,8842,24,1,8867,9.73%,9.76%,
106/09/25,-3,0,0,-3,8837,24,2,8863,9.73%,9.76%,
106/09/22,-7,0,0,-7,8840,24,2,8866,9.73%,9.76%,
106/09/21,-3,0,0,-3,8856,24,2,8882,9.75%,9.78%,
106/09/20,-12,0,0,-12,8895,24,2,8921,9.79%,9.82%,
106/09/19,-3,0,0,-3,8963,24,2,8989,9.86%,9.89%,
106/09/18,-3,0,0,-3,9012,24,2,9038,9.92%,9.95%,
106/09/15,-9,0,0,-9,9015,24,2,9041,9.92%,9.95%,
106/09/14,-7,0,0,-7,9042,24,2,9068,9.95%,9.98%,
106/09/13,-1,0,0,-1,9049,24,2,9075,9.96%,9.99%,
106/09/12,-6,0,0,-6,9034,24,2,9060,9.94%,9.97%,
106/09/11,0,0,0,0,9040,24,2,9066,9.95%,9.98%,
106/09/08,-17,0,1,-16,9039,24,2,9065,9.95%,9.98%,
106/09/07,0,0,0,0,9056,24,1,9081,9.97%,10.00%,
106/09/06,-5,0,0,-5,9056,24,1,9081,9.97%,10.00%,
106/09/05,-3,0,0,-3,9061,24,1,9086,9.97%,10.00%,
106/09/04,-4,0,0,-4,9064,24,1,9089,9.98%,10.01%,
106/09/01,-2,0,0,-2,9058,24,1,9083,9.97%,10.00%,
106/08/31,-11,0,0,-11,9038,24,1,9063,9.95%,9.98%,
106/08/30,-5,0,0,-5,8986,24,1,9011,9.89%,9.92%,
106/08/29,-7,0,0,-7,9057,24,1,9082,9.97%,10.00%,
106/08/28,-5,0,0,-5,9064,24,1,9089,9.98%,10.01%,
106/08/25,-2,0,0,-2,9069,24,1,9094,9.98%,10.01%,
106/08/24,-8,0,0,-8,8921,24,1,8946,9.82%,9.85%,
106/08/23,-7,0,0,-7,8899,24,1,8924,9.79%,9.82%,
106/08/22,-7,0,0,-7,8906,24,1,8931,9.80%,9.83%,
106/08/21,-7,0,0,-7,8913,24,1,8938,9.81%,9.84%,
106/08/18,-15,0,0,-15,8920,24,1,8945,9.82%,9.85%,
106/08/17,2,0,0,2,8935,24,1,8960,9.83%,9.86%,
106/08/16,-22,0,0,-22,8938,24,1,8963,9.84%,9.87%,
106/08/15,-1,0,0,-1,8972,24,1,8997,9.87%,9.90%,
106/08/14,0,0,0,0,8973,24,1,8998,9.88%,9.91%,
106/08/11,0,0,0,0,8946,24,1,8971,9.85%,9.88%,
106/08/10,-1,0,0,-1,8946,24,1,8971,9.85%,9.88%,
106/08/09,-1,0,-1,-2,8947,24,1,8972,9.85%,9.88%,
106/08/08,0,0,0,0,8928,24,2,8954,9.83%,9.86%,
106/08/07,17,0,0,17,8928,24,2,8954,9.83%,9.86%,
106/08/04,-2,0,-1,-3,8911,24,2,8937,9.81%,9.84%,
106/08/03,0,0,0,0,8913,24,3,8940,9.81%,9.84%,
106/08/02,2,0,0,2,8913,24,3,8940,9.81%,9.84%,
106/08/01,-12,0,0,-12,8911,24,3,8938,9.81%,9.84%,
106/07/31,-34,0,0,-34,8923,24,3,8950,9.82%,9.85%,
106/07/28,-9,0,0,-9,8957,24,3,8984,9.86%,9.89%,
106/07/27,0,0,0,0,8966,24,3,8993,9.87%,9.90%,
106/07/26,-2,0,-2,-4,8966,24,3,8993,9.87%,9.90%,
106/07/25,-2,0,0,-2,8968,24,5,8997,9.87%,9.90%,
106/07/24,-3,0,0,-3,9016,24,5,9045,9.92%,9.95%,
106/07/21,-2,0,0,-2,9019,24,5,9048,9.93%,9.96%,
106/07/20,-1,0,0,-1,8965,24,5,8994,9.87%,9.90%,
106/07/19,-12,0,-1,-13,8966,24,5,8995,9.87%,9.90%,
106/07/18,-8,0,1,-7,8978,24,6,9008,9.88%,9.91%,
106/07/17,-9,0,-2,-11,8988,24,5,9017,9.89%,9.92%,
106/07/14,-5,0,-1,-6,8997,24,7,9028,9.90%,9.93%,
106/07/13,-7,0,-9,-16,9002,24,8,9034,9.91%,9.95%,
106/07/12,-8,0,-2,-10,9009,24,17,9050,9.91%,9.96%,
106/07/11,-18,0,2,-16,9017,24,19,9060,9.92%,9.97%,
106/07/10,-14,0,0,-14,9035,24,17,9076,9.94%,9.99%,
106/07/07,-2,0,0,-2,9049,24,17,9090,9.96%,10.01%,
106/07/06,-13,0,0,-13,9051,24,17,9092,9.96%,10.01%,
106/07/05,-9,0,0,-9,9064,24,17,9105,9.98%,10.03%,
106/07/04,-3,0,0,-3,9073,24,17,9114,9.99%,10.04%,
106/07/03,-15,0,0,-15,9076,24,17,9117,9.99%,10.04%,
106/06/30,-1,0,0,-1,9091,24,17,9132,10.01%,10.06%,
106/06/29,6,0,1,7,9092,24,17,9133,10.01%,10.06%,
106/06/28,2,0,0,2,9086,24,16,9126,10.00%,10.04%,
106/06/27,10,0,0,10,9084,24,16,9124,10.00%,10.04%,
106/06/26,11,0,5,16,9074,24,16,9114,9.99%,10.03%,
106/06/23,6,0,0,6,9063,24,11,9098,9.97%,10.01%,
106/06/22,3,0,1,4,9057,24,11,9092,9.97%,10.01%,
106/06/21,12,0,1,13,9054,24,10,9088,9.96%,10.00%,
106/06/20,6,0,1,7,9042,24,9,9075,9.95%,9.99%,
106/06/19,0,0,0,0,9036,24,8,9068,9.94%,9.98%,
106/06/16,-9,0,0,-9,9036,24,8,9068,9.94%,9.98%,
106/06/15,-4,0,-1,-5,9045,24,8,9077,9.95%,9.99%,
106/06/14,-1,0,0,-1,9049,24,9,9082,9.96%,10.00%,
106/06/13,2,0,0,2,9050,24,9,9083,9.96%,10.00%,
106/06/12,1,0,0,1,9048,24,9,9081,9.96%,10.00%,
106/06/09,2,0,0,2,9047,24,9,9080,9.96%,10.00%,
106/06/08,0,0,0,0,9045,24,9,9078,9.95%,9.99%,
106/06/07,-2,0,0,-2,9045,24,9,9078,9.95%,9.99%,
106/06/06,0,-2,0,-2,9121,24,9,9154,10.04%,10.08%,
106/06/05,-2,-2,0,-4,9121,26,9,9156,10.04%,10.08%,
106/06/03,0,0,0,0,9123,28,9,9160,10.04%,10.08%,
106/06/02,-1,0,1,0,9123,28,9,9160,10.04%,10.08%,
106/06/01,-2,0,0,-2,9124,28,8,9160,10.04%,10.08%,
106/05/31,-1,-2,0,-3,9126,28,8,9162,10.04%,10.08%,
106/05/26,-3,0,0,-3,9127,30,8,9165,10.05%,10.09%,
106/05/25,4,0,0,4,9130,30,8,9168,10.05%,10.09%,
106/05/24,0,0,-1,-1,9126,30,8,9164,10.04%,10.08%,
106/05/23,1,0,0,1,9126,30,9,9165,10.04%,10.08%,
106/05/22,-1,0,0,-1,7625,30,9,7664,8.39%,8.43%,
106/05/19,1,0,0,1,7626,30,9,7665,8.39%,8.43%,
106/05/18,4,0,0,4,7625,30,9,7664,8.39%,8.43%,
106/05/17,0,0,0,0,7621,30,9,7660,8.39%,8.43%,
106/05/16,1,0,0,1,7621,30,9,7660,8.39%,8.43%,
106/05/15,1,0,0,1,7620,30,9,7659,8.39%,8.43%,
106/05/12,2,0,0,2,7619,30,9,7658,8.38%,8.42%,
106/05/11,3,0,0,3,7617,30,9,7656,8.38%,8.42%,
106/05/10,-3,0,0,-3,7614,30,9,7653,8.38%,8.42%,
106/05/09,4,0,0,4,7617,30,9,7656,8.38%,8.42%,
106/05/08,6,0,-6,0,7613,30,9,7652,8.38%,8.42%,
106/05/05,5,0,-10,-5,7607,30,15,7652,8.37%,8.42%,
106/05/04,6,0,-18,-12,7601,30,25,7656,8.36%,8.42%,
106/05/03,1,0,-37,-36,7595,30,43,7668,8.36%,8.44%,
106/05/02,0,0,-15,-15,7594,30,80,7704,8.36%,8.48%,
106/04/28,4,0,-14,-10,7594,30,95,7719,8.36%,8.50%,
106/04/27,-1,0,0,-1,7590,30,109,7729,8.35%,8.50%,
106/04/26,0,0,1,1,7589,30,109,7728,8.35%,8.50%,
106/04/25,0,0,0,0,7589,30,108,7727,8.35%,8.50%,
106/04/24,0,0,0,0,7589,30,108,7727,8.35%,8.50%,
106/04/21,-6,0,0,-6,7589,30,108,7727,8.35%,8.50%,
106/04/20,0,0,0,0,7595,30,108,7733,8.36%,8.51%,
106/04/19,-5,0,0,-5,7595,30,108,7733,8.36%,8.51%,
106/04/18,-2,-1,0,-3,7600,30,108,7738,8.36%,8.51%,
106/04/17,-1,-7,0,-8,7602,31,108,7741,8.37%,8.52%,
106/04/14,2,-4,0,-2,7603,38,108,7749,8.37%,8.53%,
106/04/13,0,-7,0,-7,7601,42,108,7751,8.36%,8.53%,
106/04/12,1,0,0,1,7601,49,108,7758,8.36%,8.53%,
106/04/11,-10,0,0,-10,7600,49,108,7757,8.36%,8.53%,
106/04/10,-17,0,0,-17,7610,49,108,7767,8.37%,8.54%,
106/04/07,1,0,-1,0,7627,49,108,7784,8.39%,8.56%,
106/04/06,2,0,-5,-3,7626,49,109,7784,8.39%,8.56%,
106/04/05,1,0,0,1,7624,49,114,7787,8.39%,8.57%,
106/03/31,-5,0,0,-5,7623,49,114,7786,8.39%,8.57%,
106/03/30,-1,0,0,-1,7628,49,114,7791,8.39%,8.57%,
106/03/29,0,0,0,0,7629,49,114,7792,8.40%,8.58%,
106/03/28,4,0,-2,2,7629,49,114,7792,8.40%,8.58%,
106/03/27,0,0,-4,-4,7625,49,116,7790,8.39%,8.57%,
106/03/24,2,0,-2,0,7625,49,120,7794,8.39%,8.58%,
106/03/23,0,0,-2,-2,7623,49,122,7794,8.39%,8.58%,
106/03/22,1,0,-1,0,7623,49,124,7796,8.39%,8.58%,
106/03/21,1,2,0,3,7622,49,125,7796,8.39%,8.58%,
106/03/20,-3,2,-2,-3,7621,47,125,7793,8.39%,8.58%,
106/03/17,1,0,0,1,7624,45,127,7796,8.39%,8.58%,
106/03/16,-6,0,-2,-8,7623,45,127,7795,8.39%,8.58%,
106/03/15,-8,0,0,-8,7641,45,129,7815,8.41%,8.60%,
106/03/14,3,0,-5,-2,7649,45,129,7823,8.42%,8.61%,
106/03/13,9,0,1,10,7646,45,134,7825,8.41%,8.61%,
106/03/10,8,0,-18,-10,7637,45,133,7815,8.40%,8.60%,
106/03/09,0,0,0,0,7629,45,151,7825,8.40%,8.62%,
106/03/08,8,0,0,8,7629,45,151,7825,8.40%,8.62%,
106/03/07,9,0,0,9,7621,45,151,7817,8.39%,8.61%,
106/03/06,4,0,0,4,7612,45,151,7808,8.38%,8.60%,
106/03/03,7,0,0,7,7578,45,151,7774,8.34%,8.56%,
106/03/02,13,0,0,13,7571,45,151,7767,8.33%,8.55%,
106/03/01,7,0,0,7,7558,45,151,7754,8.32%,8.54%,
106/02/24,11,0,0,11,7551,45,151,7747,8.31%,8.53%,
106/02/23,2,0,0,2,7540,45,151,7736,8.30%,8.52%,
106/02/22,0,0,1,1,7538,45,151,7734,8.30%,8.52%,
106/02/21,1,0,0,1,7538,45,150,7733,8.30%,8.51%,
106/02/20,2,0,0,2,7537,45,150,7732,8.29%,8.50%,
106/02/18,0,0,0,0,7535,45,150,7730,8.29%,8.50%,
106/02/17,5,0,0,5,7535,45,150,7730,8.29%,8.50%,
106/02/16,10,0,0,10,7530,45,150,7725,8.29%,8.50%,
106/02/15,6,0,0,6,7520,45,150,7715,8.28%,8.49%,
106/02/14,11,0,0,11,7514,45,150,7709,8.27%,8.48%,
106/02/13,7,-9,0,-2,7503,45,150,7698,8.26%,8.47%,
106/02/10,-8,0,-9,-17,7496,54,150,7700,8.25%,8.47%,
106/02/09,-4,0,0,-4,7504,54,159,7717,8.26%,8.49%,
106/02/08,-4,0,-1,-5,7508,54,159,7721,8.26%,8.49%,
106/02/07,-4,0,0,-4,7512,54,160,7726,8.27%,8.51%,
106/02/06,-6,0,0,-6,7516,54,160,7730,8.27%,8.51%,
106/02/03,8,0,9,17,7522,54,160,7736,8.28%,8.52%,
106/02/02,0,-2,0,-2,7484,54,151,7689,8.24%,8.47%,
106/01/24,2,0,0,2,7474,56,151,7681,8.22%,8.45%,
106/01/23,1,0,0,1,7472,56,151,7679,8.22%,8.45%,
106/01/20,1,0,0,1,7471,56,151,7678,8.22%,8.45%,
106/01/19,1,0,0,1,7470,56,151,7677,8.22%,8.45%,
106/01/18,13,0,-1,12,7469,56,151,7676,8.22%,8.45%,
106/01/17,1,0,0,1,7456,56,152,7664,8.21%,8.44%,
106/01/16,0,0,0,0,7428,56,152,7636,8.17%,8.40%,
106/01/13,0,0,0,0,7428,56,152,7636,8.17%,8.40%,
106/01/12,2,0,0,2,7428,56,152,7636,8.17%,8.40%,
106/01/11,8,-10,0,-2,7489,56,152,7697,8.24%,8.47%,
106/01/10,0,0,0,0,7481,66,152,7699,8.23%,8.47%,
106/01/09,-5,-10,0,-15,7481,66,152,7699,8.23%,8.47%,
106/01/06,-7,0,0,-7,7486,76,152,7714,8.24%,8.49%,
106/01/05,-8,-20,0,-28,7493,76,152,7721,8.25%,8.50%,
106/01/04,-2,0,0,-2,7501,96,152,7749,8.25%,8.52%,
106/01/03,-9,-10,0,-19,7503,96,152,7751,8.26%,8.53%,
105/12/30,1,-15,0,-14,7512,106,152,7770,8.27%,8.55%,
105/12/29,0,-10,0,-10,7511,121,152,7784,8.27%,8.57%,
105/12/28,1,0,0,1,7511,131,152,7794,8.27%,8.58%,
105/12/27,0,0,0,0,7510,131,152,7793,8.26%,8.57%,
105/12/26,0,0,0,0,7510,131,152,7793,8.26%,8.57%,
105/12/23,-4,0,0,-4,7510,131,152,7793,8.26%,8.57%,
105/12/22,0,0,0,0,7514,131,152,7797,8.27%,8.58%,
105/12/21,-1,0,2,1,7514,131,152,7797,8.27%,8.58%,
105/12/20,-2,0,1,-1,7515,131,150,7796,8.27%,8.58%,
105/12/19,-1,0,1,0,7517,131,149,7797,8.27%,8.58%,
105/12/16,0,0,2,2,7518,131,148,7797,8.27%,8.58%,
105/12/15,2,0,0,2,7518,131,146,7795,8.27%,8.57%,
105/12/14,-2,0,0,-2,7516,131,146,7793,8.27%,8.57%,
105/12/13,0,0,0,0,7518,131,146,7795,8.27%,8.57%,
105/12/12,3,-8,3,-2,7518,131,146,7795,8.27%,8.57%,
105/12/09,0,0,0,0,7515,139,143,7797,8.27%,8.58%,
105/12/08,0,-3,0,-3,7515,139,143,7797,8.27%,8.58%,
105/12/07,2,0,0,2,7515,142,143,7800,8.27%,8.58%,
105/12/06,3,-3,0,0,7513,142,143,7798,8.27%,8.58%,
105/12/05,-3,0,-2,-5,7510,145,143,7798,8.26%,8.58%,
105/12/02,-3,-3,0,-6,7513,145,145,7803,8.27%,8.59%,
105/12/01,3,0,0,3,7516,148,145,7809,8.27%,8.59%,
105/11/30,29,0,-2,27,7513,148,145,7806,8.27%,8.59%,
105/11/29,-5,0,0,-5,7484,148,147,7779,8.24%,8.56%,
105/11/28,-3,0,1,-2,7489,148,147,7784,8.24%,8.56%,
105/11/25,-1,0,0,-1,7492,148,146,7786,8.24%,8.56%,
105/11/24,1,0,0,1,7493,148,146,7787,8.25%,8.57%,
105/11/23,4,0,0,4,7492,148,146,7786,8.24%,8.56%,
105/11/22,-8,0,0,-8,7488,148,146,7782,8.24%,8.56%,
105/11/21,-12,0,0,-12,7496,148,146,7790,8.25%,8.57%,
105/11/18,8,0,0,8,7508,148,146,7802,8.26%,8.58%,
105/11/17,-4,0,0,-4,7500,148,146,7794,8.25%,8.57%,
105/11/16,-3,0,0,-3,7504,148,146,7798,8.26%,8.58%,
105/11/15,-7,0,0,-7,7507,148,146,7801,8.26%,8.58%,
105/11/14,-1,0,0,-1,7514,148,146,7808,8.27%,8.59%,
105/11/11,14,0,0,14,7515,148,146,7809,8.27%,8.59%,
105/11/10,2,0,0,2,7501,148,146,7795,8.25%,8.57%,
105/11/09,1,0,-5,-4,7499,148,146,7793,8.25%,8.57%,
105/11/08,-1,0,0,-1,7498,148,151,7797,8.25%,8.58%,
105/11/07,-1,0,0,-1,7499,148,151,7798,8.25%,8.58%,
105/11/04,-2,0,0,-2,7500,148,151,7799,8.25%,8.58%,
105/11/03,2,0,3,5,7502,148,151,7801,8.26%,8.59%,
105/11/02,-3,0,5,2,7500,148,148,7796,8.25%,8.58%,
105/11/01,4,-6,0,-2,7503,148,143,7794,8.26%,8.58%,
105/10/31,7,-6,0,1,7499,154,143,7796,8.25%,8.58%,
105/10/28,4,-6,0,-2,7492,160,143,7795,8.24%,8.57%,
105/10/27,-11,-6,0,-17,7488,166,143,7797,8.24%,8.58%,
105/10/26,-3,-6,0,-9,7499,172,143,7814,8.25%,8.60%,
105/10/25,2,-6,0,-4,7470,178,143,7791,8.22%,8.57%,
105/10/24,9,-6,0,3,7468,184,143,7795,8.22%,8.58%,
105/10/21,-2,-6,0,-8,7459,190,143,7792,8.21%,8.58%,
105/10/20,11,-5,-1,5,7461,196,143,7800,8.21%,8.58%,
105/10/19,-7,0,-1,-8,7462,201,144,7807,8.21%,8.59%,
105/10/18,1,0,0,1,7469,201,145,7815,8.22%,8.60%,
105/10/17,4,0,0,4,7468,201,145,7814,8.22%,8.60%,
105/10/14,3,0,2,5,7464,201,145,7810,8.21%,8.59%,
105/10/13,-1,0,0,-1,7461,201,143,7805,8.21%,8.59%,
105/10/12,2,0,0,2,7462,201,143,7806,8.21%,8.59%,
105/10/11,10,0,0,10,7448,201,143,7792,8.20%,8.58%,
105/10/07,-1,-4,0,-5,7438,201,143,7782,8.19%,8.57%,
105/10/06,-3,0,0,-3,7439,205,143,7787,8.19%,8.57%,
105/10/05,0,0,0,0,7452,205,143,7800,8.20%,8.58%,
105/10/04,0,0,0,0,7452,205,143,7800,8.20%,8.58%,
105/10/03,-9,0,0,-9,7452,205,143,7800,8.20%,8.58%,
105/09/30,-5,0,0,-5,7461,205,143,7809,8.21%,8.59%,
105/09/29,-2,0,0,-2,7466,144,143,7753,8.22%,8.54%,
105/09/26,-1,0,0,-1,7468,144,143,7755,8.22%,8.54%,
105/09/23,-4,0,13,9,7469,144,143,7756,8.22%,8.54%,
105/09/22,7,-14,0,-7,7473,144,130,7747,8.22%,8.52%,
105/09/21,29,0,0,29,7466,158,130,7754,8.22%,8.54%,
105/09/20,5,0,0,5,7437,158,130,7725,8.18%,8.50%,
105/09/19,5,0,0,5,7432,158,130,7720,8.18%,8.50%,
105/09/14,5,0,0,5,7427,158,130,7715,8.17%,8.49%,
105/09/13,3,0,-1,2,7422,158,130,7710,8.17%,8.49%,
105/09/12,11,0,18,29,7419,158,131,7708,8.16%,8.48%,
105/09/10,0,0,-1,-1,7408,158,113,7679,8.15%,8.45%,
105/09/09,0,0,0,0,7408,158,114,7680,8.15%,8.45%,
105/09/08,10,0,0,10,7408,158,114,7680,8.15%,8.45%,
105/09/07,9,2,4,15,7398,158,114,7670,8.14%,8.44%,
105/09/06,17,0,6,23,7389,156,110,7655,8.13%,8.42%,
105/09/05,7,16,0,23,7372,156,104,7632,8.11%,8.40%,
105/09/02,9,0,6,15,7365,140,104,7609,8.10%,8.37%,
105/09/01,1,0,0,1,7356,140,98,7594,8.10%,8.36%,
105/08/31,3,0,3,6,7355,140,98,7593,8.09%,8.35%,
105/08/30,5,0,22,27,7352,140,95,7587,8.09%,8.35%,
105/08/29,-3,0,-2,-5,7347,140,73,7560,8.09%,8.32%,
105/08/26,-1,0,14,13,7350,140,75,7565,8.09%,8.33%,
105/08/25,12,0,44,56,7351,140,61,7552,8.09%,8.31%,
105/08/24,-13,0,1,-12,7339,140,17,7496,8.08%,8.25%,
105/08/23,-2,0,-1,-3,7352,140,16,7508,8.09%,8.26%,
105/08/22,4,0,-4,0,7354,140,17,7511,8.09%,8.26%,
105/08/19,-9,0,3,-6,7350,140,21,7511,8.09%,8.27%,
105/08/18,-10,0,0,-10,7360,140,18,7518,8.10%,8.27%,
105/08/17,9,0,18,27,7370,140,18,7528,8.11%,8.28%,
105/08/16,-6,0,-1,-7,7360,140,0,7500,8.10%,8.25%,
105/08/15,7,0,0,7,7366,140,0,7506,8.11%,8.26%,
105/08/12,10,0,0,10,7359,140,0,7499,8.10%,8.25%,
105/08/11,-1,-5,0,-6,7349,140,0,7489,8.09%,8.24%,
105/08/10,15,-10,-1,4,7350,145,0,7495,8.09%,8.25%,
105/08/09,5,-10,0,-5,7335,155,1,7491,8.07%,8.24%,
105/08/08,10,0,-1,9,7330,165,1,7496,8.07%,8.25%,
105/08/05,1,0,0,1,7320,165,2,7487,8.06%,8.24%,
105/08/04,-10,0,-3,-13,7319,165,2,7486,8.05%,8.23%,
105/08/03,4,0,0,4,7329,165,5,7499,8.07%,8.26%,
105/08/02,4,0,0,4,7325,165,5,7495,8.06%,8.25%,
105/08/01,0,0,0,0,7274,165,5,7444,8.00%,8.19%,
105/07/29,-34,0,0,-34,7274,165,5,7444,8.00%,8.19%,
105/07/28,-22,0,0,-22,7308,165,5,7478,8.04%,8.23%,
105/07/27,-22,0,-3,-25,7330,165,5,7500,8.07%,8.26%,
105/07/26,-67,0,-4,-71,7352,165,8,7525,8.09%,8.28%,
105/07/25,-86,0,5,-81,7424,165,12,7601,8.17%,8.36%,
105/07/22,-28,0,0,-28,7510,165,7,7682,8.26%,8.45%,
105/07/21,-15,0,3,-12,7538,165,7,7710,8.30%,8.49%,
105/07/20,-35,0,0,-35,7595,165,4,7764,8.36%,8.55%,
105/07/19,-21,0,2,-19,7630,165,4,7799,8.40%,8.59%,
105/07/18,-21,0,0,-21,7651,165,2,7818,8.42%,8.60%,
105/07/15,-30,0,0,-30,7630,165,2,7797,8.40%,8.58%,
105/07/14,-8,0,0,-8,7660,165,2,7827,8.43%,8.61%,
105/07/13,2,0,0,2,7668,165,2,7835,8.44%,8.62%,
105/07/12,-14,0,0,-14,7666,165,2,7833,8.44%,8.62%,
105/07/11,-3,0,0,-3,7680,165,2,7847,8.45%,8.63%,
105/07/07,-23,0,0,-23,7683,165,2,7850,8.46%,8.64%,
105/07/06,0,0,0,0,7706,165,2,7873,8.48%,8.66%,
105/07/05,-12,0,-1,-13,7706,165,2,7873,8.48%,8.66%,
105/07/04,0,0,0,0,7718,165,3,7886,8.49%,8.67%,
105/07/01,-9,0,0,-9,7718,165,3,7886,8.49%,8.67%,
105/06/30,-27,0,0,-27,7727,165,3,7895,8.50%,8.68%,
105/06/29,-10,0,0,-10,7754,165,3,7922,8.53%,8.71%,
105/06/28,-12,0,0,-12,7764,165,3,7932,8.54%,8.72%,
105/06/27,-1,0,-1,-2,7776,165,3,7944,8.56%,8.74%,
105/06/24,-46,0,-7,-53,7777,165,4,7946,8.56%,8.75%,
105/06/23,-1,0,0,-1,7823,165,11,7999,8.61%,8.80%,
105/06/22,3,0,0,3,7824,165,11,8000,8.61%,8.80%,
105/06/21,-16,0,0,-16,7821,165,11,7997,8.61%,8.80%,
105/06/20,-15,0,2,-13,7837,165,11,8013,8.62%,8.81%,
105/06/17,-11,0,0,-11,7852,165,9,8026,8.64%,8.83%,
105/06/16,2,0,0,2,7878,165,9,8052,8.67%,8.86%,
105/06/15,-9,0,-2,-11,7876,165,9,8050,8.67%,8.86%,
105/06/14,-11,0,0,-11,7885,165,11,8061,8.68%,8.87%,
105/06/13,-24,0,0,-24,7896,165,11,8072,8.69%,8.88%,
105/06/08,-15,0,0,-15,7920,165,11,8096,8.72%,8.91%,
105/06/07,-3,0,0,-3,7935,165,11,8111,8.73%,8.92%,
105/06/06,-6,0,0,-6,7938,165,11,8114,8.74%,8.93%,
105/06/04,0,0,1,1,7944,165,11,8120,8.74%,8.93%,
105/06/03,10,0,0,10,7944,165,10,8119,8.74%,8.93%,
105/06/02,-17,0,0,-17,7934,165,10,8109,8.73%,8.92%,
105/06/01,-30,5,0,-25,7951,165,10,8126,8.75%,8.94%,
105/05/31,4,0,0,4,7981,160,10,8151,8.78%,8.97%,
105/05/30,-11,0,-1,-12,7977,160,10,8147,8.78%,8.97%,
105/05/27,-8,0,0,-8,7988,160,11,8159,8.79%,8.98%,
105/05/26,-6,0,0,-6,7996,160,11,8167,8.80%,8.99%,
105/05/25,-13,0,-2,-15,8002,160,11,8173,8.81%,9.00%,
105/05/24,-4,0,0,-4,8015,160,13,8188,8.82%,9.01%,
105/05/23,-5,0,-4,-9,8019,160,13,8192,8.83%,9.02%,
105/05/20,-15,0,0,-15,8024,160,17,8201,8.83%,9.02%,
105/05/19,0,0,0,0,8039,160,17,8216,8.85%,9.04%,
105/05/18,-4,0,0,-4,8039,160,17,8216,8.85%,9.04%,
105/05/17,-8,0,0,-8,8043,160,17,8220,8.85%,9.04%,
105/05/16,0,0,0,0,8051,160,17,8228,8.86%,9.05%,
105/05/13,-17,0,0,-17,8051,160,17,8228,8.86%,9.05%,
105/05/12,-1,0,0,-1,8068,160,17,8245,8.88%,9.07%,
105/05/11,1,0,0,1,8069,160,17,8246,8.88%,9.07%,
105/05/10,4,0,0,4,8068,160,17,8245,8.88%,9.07%,
105/05/09,2,0,0,2,8064,160,17,8241,8.87%,9.06%,
105/05/06,-1,0,0,-1,8062,160,17,8239,8.87%,9.06%,
105/05/05,-11,0,0,-11,8063,160,17,8240,8.87%,9.06%,
105/05/04,-18,0,0,-18,8074,160,17,8251,8.89%,9.08%,
105/05/03,-20,0,0,-20,8092,160,17,8269,8.91%,9.10%,
105/04/29,-10,0,0,-10,8112,160,17,8289,8.93%,9.12%,
105/04/28,-1,0,0,-1,8122,160,17,8299,8.94%,9.13%,
105/04/27,-12,0,0,-12,8123,160,17,8300,8.94%,9.13%,
105/04/26,0,0,0,0,8135,160,17,8312,8.95%,9.14%,
105/04/25,-10,0,0,-10,8135,160,17,8312,8.95%,9.14%,
105/04/22,-35,0,0,-35,8145,160,17,8322,8.96%,9.15%,
105/04/21,-16,0,0,-16,8180,160,17,8357,9.00%,9.19%,
105/04/20,-20,20,0,0,8196,160,17,8373,9.02%,9.21%,
105/04/19,-16,0,0,-16,8216,140,17,8373,9.04%,9.21%,
105/04/18,-4,0,0,-4,8232,140,17,8389,9.06%,9.23%,
105/04/15,-11,0,0,-11,8226,140,17,8383,9.05%,9.22%,
105/04/14,6,0,0,6,8237,140,17,8394,9.07%,9.24%,
105/04/13,1,0,0,1,8231,140,17,8388,9.06%,9.23%,
105/04/12,-6,0,0,-6,8230,140,17,8387,9.06%,9.23%,
105/04/11,1,0,0,1,8236,140,17,8393,9.06%,9.23%,
105/04/08,-10,0,0,-10,8235,140,17,8392,9.06%,9.23%,
105/04/07,-15,0,-3,-18,8245,140,17,8402,9.07%,9.24%,
105/04/06,0,0,0,0,8260,140,20,8420,9.09%,9.27%,
105/04/01,8,0,0,8,8260,140,20,8420,9.09%,9.27%,
105/03/31,2,0,0,2,8252,140,20,8412,9.08%,9.26%,
105/03/30,-17,-28,0,-45,8250,206,20,8476,9.08%,9.33%,
105/03/29,25,-14,0,11,8267,234,20,8521,9.10%,9.38%,
105/03/28,20,-28,0,-8,8242,248,20,8510,9.07%,9.37%,
105/03/25,9,0,0,9,8222,276,20,8518,9.05%,9.38%,
105/03/24,5,0,0,5,8213,276,20,8509,9.04%,9.37%,
105/03/23,13,0,0,13,8208,276,20,8504,9.03%,9.36%,
105/03/22,3,0,1,4,8195,276,20,8491,9.02%,9.35%,
105/03/21,19,0,-5,14,8192,276,19,8487,9.02%,9.34%,
105/03/18,-89,0,2,-87,8173,276,24,8473,8.99%,9.32%,
105/03/17,-20,0,0,-20,8262,276,22,8560,9.09%,9.42%,
105/03/16,-75,58,8,-9,8282,276,22,8580,9.11%,9.44%,
105/03/15,-29,10,-1,-20,8357,218,14,8589,9.20%,9.46%,
105/03/14,11,45,2,58,8386,208,15,8609,9.23%,9.48%,
105/03/11,15,35,-1,49,8386,163,13,8562,9.23%,9.42%,
105/03/10,-1,15,6,20,8371,128,14,8513,9.21%,9.37%,
105/03/09,16,14,0,30,8372,113,8,8493,9.21%,9.34%,
105/03/08,0,10,0,10,8356,99,8,8463,9.20%,9.32%,
105/03/07,1,0,0,1,8356,89,8,8453,9.20%,9.31%,
105/03/04,0,0,-1,-1,8355,89,8,8452,9.19%,9.30%,
105/03/03,-1,0,0,-1,8355,89,9,8453,9.19%,9.30%,
105/03/02,15,0,0,15,8356,89,9,8454,9.20%,9.31%,
105/03/01,9,0,1,10,8341,89,9,8439,9.18%,9.29%,
105/02/26,-9,0,0,-9,8332,89,8,8429,9.17%,9.28%,
105/02/25,0,-6,0,-6,8341,89,8,8438,9.18%,9.29%,
105/02/24,2,-6,0,-4,8341,95,8,8444,9.18%,9.29%,
105/02/23,-6,0,0,-6,8339,101,8,8448,9.18%,9.30%,
105/02/22,-9,0,0,-9,8345,101,8,8454,9.18%,9.30%,
105/02/19,0,0,1,1,8354,101,8,8463,9.19%,9.31%,
105/02/18,-6,0,0,-6,8354,101,7,8462,9.19%,9.31%,
105/02/17,1,-6,0,-5,8360,101,7,8468,9.20%,9.32%,
105/02/16,-2,0,0,-2,8359,107,7,8473,9.20%,9.33%,
105/02/15,11,0,0,11,8361,107,7,8475,9.20%,9.33%,
105/02/03,-4,0,0,-4,8350,107,7,8464,9.19%,9.32%,
105/02/02,12,0,0,12,8354,107,7,8468,9.19%,9.32%,
105/02/01,-5,0,0,-5,8342,107,7,8456,9.18%,9.31%,
105/01/30,0,0,0,0,8347,107,7,8461,9.19%,9.32%,
105/01/29,15,0,2,17,8347,107,7,8461,9.19%,9.32%,
105/01/28,-8,0,0,-8,8332,107,5,8444,9.17%,9.29%,
105/01/27,-1,0,0,-1,8315,107,5,8427,9.15%,9.27%,
105/01/26,-16,0,0,-16,8316,107,5,8428,9.15%,9.27%,
105/01/25,-6,0,0,-6,8332,107,5,8444,9.17%,9.29%,
105/01/22,-10,0,0,-10,8338,107,5,8450,9.18%,9.30%,
105/01/21,0,0,0,0,8348,107,5,8460,9.19%,9.31%,
105/01/20,0,0,1,1,8348,107,5,8460,9.19%,9.31%,
105/01/19,2,0,0,2,8348,107,4,8459,9.19%,9.31%,
105/01/18,3,-7,0,-4,8346,107,4,8457,9.19%,9.31%,
105/01/15,-10,0,0,-10,8343,114,4,8461,9.18%,9.31%,
105/01/14,-17,0,1,-16,8392,114,4,8510,9.24%,9.37%,
105/01/13,1,0,0,1,8409,114,3,8526,9.25%,9.38%,
105/01/12,1,0,0,1,8409,114,3,8526,9.25%,9.38%,
105/01/11,-6,0,0,-6,8408,114,3,8525,9.25%,9.38%,
105/01/08,1,0,1,2,8414,114,3,8531,9.26%,9.39%,
105/01/07,4,0,-7,-3,8413,114,2,8529,9.26%,9.39%,
105/01/06,4,0,0,4,8409,114,9,8532,9.25%,9.39%,
105/01/05,1,0,0,1,8405,114,9,8528,9.25%,9.39%,
105/01/04,-1,0,0,-1,8414,114,9,8537,9.26%,9.40%,
104/12/31,0,0,0,0,8400,114,9,8523,9.24%,9.38%,
104/12/30,0,0,1,1,8400,107,9,8516,9.24%,9.37%,
104/12/29,-3,-7,8,-2,8400,107,8,8515,9.24%,9.37%,
104/12/28,12,-13,0,-1,8403,114,0,8517,9.25%,9.38%,
104/12/25,-1,-8,0,-9,8391,127,0,8518,9.23%,9.37%,
104/12/24,-4,-7,0,-11,8392,135,0,8527,9.24%,9.39%,
104/12/23,2,-9,0,-7,8396,142,0,8538,9.24%,9.40%,
104/12/22,-5,-3,0,-8,8394,151,0,8545,9.24%,9.41%,
104/12/21,2,0,0,2,8399,154,0,8553,9.24%,9.41%,
104/12/18,-2,-9,0,-11,8397,154,0,8551,9.24%,9.41%,
104/12/17,-4,-9,0,-13,8399,163,0,8562,9.24%,9.42%,
104/12/16,1,0,0,1,8403,172,0,8575,9.25%,9.44%,
104/12/15,-1,0,0,-1,8402,172,0,8574,9.25%,9.44%,
104/12/14,9,-9,0,0,8403,172,0,8575,9.25%,9.44%,
104/12/11,3,0,0,3,8404,181,0,8585,9.25%,9.45%,
104/12/10,-15,0,0,-15,8401,181,0,8582,9.25%,9.45%,
104/12/09,-6,-9,0,-15,8415,181,0,8596,9.26%,9.46%,
104/12/08,5,-8,0,-3,8421,190,0,8611,9.27%,9.48%,
104/12/07,-4,-7,0,-11,8416,198,0,8614,9.26%,9.48%,
104/12/04,3,-7,0,-4,8420,205,0,8625,9.27%,9.50%,
104/12/03,-2,-7,0,-9,8417,212,0,8629,9.26%,9.49%,
104/12/02,4,-7,0,-3,8409,219,0,8628,9.25%,9.49%,
104/12/01,2,-7,0,-5,8405,226,0,8631,9.25%,9.50%,
104/11/30,-10,-7,0,-17,8403,233,0,8636,9.25%,9.51%,
104/11/27,0,-6,0,-6,8413,240,0,8653,9.26%,9.52%,
104/11/26,0,-7,0,-7,8413,246,0,8659,9.26%,9.53%,
104/11/25,1,0,0,1,8413,253,0,8666,9.26%,9.54%,
104/11/24,1,0,0,1,8412,253,0,8665,9.26%,9.54%,
104/11/23,2,0,0,2,8411,253,0,8664,9.26%,9.54%,
104/11/20,2,0,0,2,8409,253,0,8662,9.25%,9.53%,
104/11/19,1,0,0,1,8407,253,0,8660,9.25%,9.53%,
104/11/18,-1,0,0,-1,8406,253,0,8659,9.25%,9.53%,
104/11/17,3,0,0,3,8407,253,0,8660,9.25%,9.53%,
104/11/16,1,0,0,1,8404,253,0,8657,9.25%,9.53%,
104/11/13,-4,0,0,-4,8403,253,0,8656,9.25%,9.53%,
104/11/12,0,0,0,0,8407,253,0,8660,9.25%,9.53%,
104/11/11,3,0,0,3,8407,253,0,8660,9.25%,9.53%,
104/11/10,2,0,0,2,8404,253,0,8657,9.25%,9.53%,
104/11/09,10,0,0,10,8402,253,0,8655,9.25%,9.53%,
104/11/06,12,0,0,12,8392,253,0,8645,9.24%,9.52%,
104/11/05,1,0,0,1,8380,253,0,8633,9.22%,9.50%,
104/11/04,19,1,0,20,8379,253,0,8632,9.22%,9.50%,
104/11/03,5,0,0,5,8360,252,0,8612,9.20%,9.48%,
104/11/02,1,0,0,1,8355,252,0,8607,9.19%,9.47%,
104/10/30,7,0,0,7,8354,252,0,8606,9.19%,9.47%,
104/10/29,-10,0,0,-10,8347,252,0,8599,9.19%,9.47%,
104/10/28,0,0,0,0,8357,252,0,8609,9.20%,9.48%,
104/10/27,8,0,0,8,8357,252,0,8609,9.20%,9.48%,
104/10/26,5,0,0,5,8349,252,0,8601,9.19%,9.47%,
104/10/23,4,0,0,4,8344,252,0,8596,9.18%,9.46%,
104/10/22,8,0,0,8,8340,252,0,8592,9.18%,9.46%,
104/10/21,11,0,0,11,8346,252,0,8598,9.19%,9.47%,
104/10/20,7,0,0,7,8335,252,0,8587,9.17%,9.45%,
104/10/19,1,0,0,1,8328,252,0,8580,9.17%,9.45%,
104/10/16,0,0,0,0,8327,252,0,8579,9.16%,9.44%,
104/10/15,0,0,0,0,8327,252,0,8579,9.16%,9.44%,
104/10/14,2,0,0,2,8327,252,0,8579,9.16%,9.44%,
104/10/13,1,0,0,1,8325,252,0,8577,9.16%,9.44%,
104/10/12,8,0,0,8,8324,252,0,8576,9.16%,9.44%,
104/10/08,-2,0,0,-2,8316,252,0,8568,9.15%,9.43%,
104/10/07,0,0,0,0,8318,252,0,8570,9.15%,9.43%,
104/10/06,1,0,0,1,8318,252,0,8570,9.15%,9.43%,
104/10/05,1,0,0,1,8317,252,0,8569,9.15%,9.43%,
104/10/02,1,1,0,2,8316,252,0,8568,9.15%,9.43%,
104/10/01,18,0,0,18,8315,251,0,8566,9.15%,9.43%,
104/09/30,13,0,0,13,8297,251,0,8548,9.13%,9.41%,
104/09/25,9,0,0,9,8284,224,0,8508,9.12%,9.37%,
104/09/24,11,0,0,11,8275,224,0,8499,9.11%,9.36%,
104/09/23,-10,0,0,-10,8264,224,0,8488,9.09%,9.34%,
104/09/22,2,-0,0,2,8280,224,0,8504,9.11%,9.36%,
104/09/21,5,-1,0,4,8278,225,0,8503,9.11%,9.36%,
104/09/18,-9,0,0,-9,8273,226,0,8499,9.10%,9.35%,
104/09/17,10,0,0,10,8282,226,0,8508,9.11%,9.36%,
104/09/16,0,0,0,0,8272,226,0,8498,9.10%,9.35%,
104/09/15,-1,-27,0,-28,8272,226,0,8498,9.10%,9.35%,
104/09/14,-56,0,-9,-65,8273,253,0,8526,9.10%,9.38%,
104/09/11,-4,0,-19,-23,8329,253,0,8582,9.17%,9.45%,
104/09/10,-63,0,-20,-83,8333,253,0,8586,9.17%,9.45%,
104/09/09,-5,0,-18,-23,8396,253,0,8649,9.24%,9.52%,
104/09/08,-7,0,-5,-12,8401,253,0,8654,9.25%,9.53%,
104/09/07,-1,0,-1,-2,8408,253,0,8661,9.25%,9.53%,
104/09/04,-38,0,-21,-59,8409,253,0,8662,9.25%,9.53%,
104/09/03,-4,0,-2,-6,8447,253,0,8700,9.30%,9.58%,
104/09/02,5,0,0,5,8451,253,1,8705,9.30%,9.58%,
104/09/01,0,-1,-2,-3,8446,253,1,8700,9.30%,9.58%,
104/08/31,-4,-1,0,-5,8446,254,3,8703,9.30%,9.58%,
104/08/28,-28,0,-4,-32,8450,255,3,8708,9.30%,9.58%,
104/08/27,12,0,-1,11,8478,255,7,8740,9.33%,9.62%,
104/08/26,4,0,0,4,8466,255,8,8729,9.32%,9.61%,
104/08/25,11,2,0,13,8462,255,8,8725,9.31%,9.60%,
104/08/24,47,0,-1,46,8451,253,8,8712,9.30%,9.59%,
104/08/21,10,0,0,10,8404,253,9,8666,9.25%,9.54%,
104/08/20,-1,0,0,-1,8394,253,9,8656,9.24%,9.53%,
104/08/19,12,0,0,12,8395,253,9,8657,9.24%,9.53%,
104/08/18,10,0,-3,7,8383,253,9,8645,9.23%,9.52%,
104/08/17,1,0,0,1,8373,253,12,8638,9.21%,9.50%,
104/08/14,3,0,0,3,8372,253,12,8637,9.21%,9.50%,
104/08/13,11,0,0,11,8369,253,12,8634,9.21%,9.50%,
104/08/12,23,0,3,26,8358,253,12,8623,9.20%,9.49%,
104/08/11,11,0,-4,7,8335,253,9,8597,9.17%,9.46%,
104/08/10,4,0,-1,3,8324,253,13,8590,9.16%,9.45%,
104/08/07,5,0,0,5,8320,253,14,8587,9.16%,9.45%,
104/08/06,1,0,0,1,8305,253,14,8572,9.14%,9.43%,
104/08/05,9,0,2,11,8304,253,14,8571,9.14%,9.43%,
104/08/04,6,0,2,8,8295,253,12,8560,9.13%,9.42%,
104/08/03,-2,0,-2,-4,8289,253,10,8552,9.12%,9.41%,
104/07/31,-3,0,-1,-4,8291,253,12,8556,9.12%,9.41%,
104/07/30,2,0,0,2,8294,253,13,8560,9.13%,9.42%,
104/07/29,6,0,0,6,8292,253,13,8558,9.13%,9.42%,
104/07/28,11,1,3,15,8286,253,13,8552,9.12%,9.41%,
104/07/27,0,0,5,5,8275,252,10,8537,9.11%,9.40%,
104/07/24,1,0,0,1,8275,252,5,8532,9.11%,9.39%,
104/07/23,5,0,1,6,8274,252,5,8531,9.11%,9.39%,
104/07/22,0,0,1,1,8269,252,4,8525,9.10%,9.38%,
104/07/21,-1,0,0,-1,8269,252,3,8524,9.10%,9.38%,
104/07/20,-1,0,0,-1,8270,252,3,8525,9.10%,9.38%,
104/07/17,-7,1,0,-6,8271,252,3,8526,9.10%,9.38%,
104/07/16,4,0,0,4,8278,251,3,8532,9.11%,9.39%,
104/07/15,-10,1,0,-9,8274,251,3,8528,9.11%,9.39%,
104/07/14,-18,0,-1,-19,8284,250,3,8537,9.12%,9.40%,
104/07/13,1,0,-1,0,8302,250,4,8556,9.14%,9.42%,
104/07/09,4,0,1,5,8301,250,5,8556,9.14%,9.42%,
104/07/08,20,0,1,21,8297,250,4,8551,9.13%,9.41%,
104/07/07,4,0,0,4,8289,250,3,8542,9.12%,9.40%,
104/07/06,7,0,0,7,8285,250,3,8538,9.12%,9.40%,
104/07/03,-12,0,0,-12,8280,250,3,8533,9.11%,9.39%,
104/07/02,7,0,1,8,8292,250,3,8545,9.13%,9.41%,
104/07/01,2,0,0,2,8286,250,2,8538,9.12%,9.40%,
104/06/30,6,0,0,6,8284,250,2,8536,9.12%,9.40%,
104/06/29,-6,0,0,-6,8278,276,2,8556,9.11%,9.42%,
104/06/26,-4,0,0,-4,8269,276,2,8547,9.10%,9.41%,
104/06/25,1,0,0,1,8267,276,2,8545,9.10%,9.41%,
104/06/24,5,0,0,5,8266,276,2,8544,9.10%,9.41%,
104/06/23,3,0,0,3,8261,276,2,8539,9.09%,9.40%,
104/06/22,3,0,0,3,8258,276,2,8536,9.09%,9.40%,
104/06/18,-15,0,0,-15,8255,276,2,8533,9.08%,9.39%,
104/06/17,38,0,0,38,8270,276,2,8548,9.10%,9.41%,
104/06/16,-13,0,0,-13,8172,276,2,8450,8.99%,9.30%,
104/06/15,-6,0,0,-6,8185,276,2,8463,9.01%,9.32%,
104/06/12,-12,0,0,-12,8191,276,2,8469,9.01%,9.32%,
104/06/11,-12,0,0,-12,8203,276,2,8481,9.03%,9.34%,
104/06/10,-6,0,0,-6,8215,276,2,8493,9.04%,9.35%,
104/06/09,3,0,0,3,8221,276,2,8499,9.05%,9.36%,
104/06/08,-2,0,0,-2,8218,276,2,8496,9.04%,9.35%,
104/06/05,-11,0,0,-11,8220,276,2,8498,9.05%,9.36%,
104/06/04,9,0,0,9,8231,276,2,8509,9.06%,9.37%,
104/06/03,-8,0,0,-8,8222,276,2,8500,9.05%,9.36%,
104/06/02,-5,0,0,-5,8230,276,2,8508,9.06%,9.37%,
104/06/01,-4,0,0,-4,8235,276,2,8513,9.06%,9.37%,
104/05/29,-20,0,2,-18,8239,276,2,8517,9.07%,9.38%,
104/05/28,-1,0,0,-1,8259,276,0,8535,9.09%,9.39%,
104/05/27,-9,0,0,-9,8260,276,0,8536,9.09%,9.39%,
104/05/26,-4,0,0,-4,8269,276,0,8545,9.10%,9.40%,
104/05/25,-11,0,-1,-12,8273,276,0,8549,9.10%,9.40%,
104/05/22,-7,0,0,-7,8284,276,0,8560,9.12%,9.42%,
104/05/21,-10,0,-4,-14,8291,276,0,8567,9.12%,9.42%,
104/05/20,-11,0,-1,-12,8301,276,0,8577,9.14%,9.44%,
104/05/19,-11,0,-1,-12,8312,276,0,8588,9.15%,9.45%,
104/05/18,-2,0,0,-2,8323,276,0,8599,9.16%,9.46%,
104/05/15,1,0,-1,0,8347,276,0,8623,9.19%,9.49%,
104/05/14,2,0,-3,-1,8346,276,0,8622,9.19%,9.49%,
104/05/13,8,0,0,8,8344,276,1,8621,9.18%,9.48%,
104/05/12,25,0,1,26,8336,276,1,8613,9.17%,9.47%,
104/05/11,27,0,0,27,8311,276,0,8587,9.15%,9.45%,
104/05/08,17,0,0,17,8284,276,0,8560,9.12%,9.42%,
104/05/07,19,0,0,19,8267,276,0,8543,9.10%,9.40%,
104/05/06,32,0,0,32,8226,276,0,8502,9.05%,9.35%,
104/05/05,23,0,0,23,8194,276,0,8470,9.02%,9.32%,
104/05/04,-20,0,-5,-25,8171,276,0,8447,8.99%,9.29%,
104/04/30,38,0,-15,23,8191,276,0,8467,9.01%,9.31%,
104/04/29,40,0,4,44,8153,276,5,8434,8.97%,9.28%,
104/04/28,14,0,1,15,8113,276,1,8390,8.93%,9.23%,
104/04/27,29,0,-5,24,8099,276,0,8375,8.91%,9.21%,
104/04/24,96,-10,-2,84,8070,276,0,8346,8.88%,9.18%,
104/04/23,7,-10,1,-2,7974,286,1,8261,8.78%,9.10%,
104/04/22,0,-10,0,-10,7967,296,0,8263,8.77%,9.10%,
104/04/21,4,0,0,4,7967,306,0,8273,8.77%,9.11%,
104/04/20,-3,0,-4,-7,7963,306,0,8269,8.76%,9.10%,
104/04/17,6,0,0,6,7966,306,0,8272,8.77%,9.11%,
104/04/16,-6,0,-6,-12,7968,306,0,8274,8.77%,9.11%,
104/04/15,-27,0,0,-27,7974,306,5,8285,8.78%,9.12%,
104/04/14,-1,0,0,-1,8006,306,5,8317,8.81%,9.15%,
104/04/13,-4,0,0,-4,8007,306,5,8318,8.81%,9.15%,
104/04/10,1,0,0,1,8011,306,5,8322,8.82%,9.16%,
104/04/09,9,0,0,9,8010,306,5,8321,8.82%,9.16%,
104/04/08,0,0,0,0,8001,306,5,8312,8.81%,9.15%,
104/04/07,2,0,0,2,8001,306,5,8312,8.81%,9.15%,
104/04/02,2,0,0,2,7999,306,5,8310,8.80%,9.14%,
104/04/01,7,-10,-3,-6,7997,306,5,8308,8.80%,9.14%,
104/03/31,29,-100,0,-71,7990,316,8,8314,8.79%,9.15%,
104/03/30,11,-20,1,-8,7961,461,8,8430,8.76%,9.28%,
104/03/27,10,0,0,10,7940,481,7,8428,8.74%,9.28%,
104/03/26,4,-29,-1,-26,7930,481,7,8418,8.73%,9.27%,
104/03/25,-1,-8,2,-7,7926,510,8,8444,8.72%,9.29%,
104/03/24,-2,0,0,-2,7927,518,6,8451,8.72%,9.30%,
104/03/23,6,-10,-1,-5,7929,518,6,8453,8.73%,9.31%,
104/03/20,-7,0,0,-7,7923,528,7,8458,8.72%,9.31%,
104/03/19,-4,-10,0,-14,7930,528,7,8465,8.73%,9.32%,
104/03/18,10,-10,3,3,7934,538,7,8479,8.73%,9.33%,
104/03/17,7,-8,0,-1,7924,548,4,8476,8.72%,9.33%,
104/03/16,7,0,4,11,7917,556,4,8477,8.71%,9.33%,
104/03/13,1,0,0,1,7910,556,0,8466,8.71%,9.32%,
104/03/12,-8,0,-1,-9,7909,556,0,8465,8.70%,9.31%,
104/03/11,-17,0,0,-17,7917,556,0,8473,8.71%,9.32%,
104/03/10,0,0,0,0,7934,556,0,8490,8.73%,9.34%,
104/03/09,-88,6,-10,-92,7934,556,0,8490,8.73%,9.34%,
104/03/06,-103,2,0,-101,8022,550,1,8573,8.83%,9.44%,
104/03/05,-40,-1,-1,-42,8125,548,1,8674,8.94%,9.54%,
104/03/04,-114,-8,0,-122,8165,549,2,8716,8.99%,9.60%,
104/03/03,-45,-5,0,-50,8279,557,2,8838,9.11%,9.73%,
104/03/02,-24,-1,0,-25,8324,562,2,8888,9.16%,9.78%,
104/02/26,-16,0,0,-16,8348,563,2,8913,9.19%,9.81%,
104/02/25,-55,7,0,-48,8364,563,2,8929,9.20%,9.82%,
104/02/24,-34,15,0,-19,8419,556,2,8977,9.27%,9.88%,
104/02/13,-33,5,-2,-30,8453,541,2,8996,9.30%,9.90%,
104/02/12,-27,-5,0,-32,8502,536,4,9042,9.36%,9.95%,
104/02/11,-45,13,0,-32,8529,541,4,9074,9.39%,9.99%,
104/02/10,-20,-1,3,-18,8574,528,4,9106,9.44%,10.03%,
104/02/09,-36,0,0,-36,8594,529,1,9124,9.46%,10.04%,
104/02/06,-18,0,0,-18,8630,529,1,9160,9.50%,10.08%,
104/02/05,-17,0,0,-17,8638,529,1,9168,9.51%,10.09%,
104/02/04,-16,0,0,-16,8645,529,1,9175,9.51%,10.09%,
104/02/03,1,0,0,1,8661,529,1,9191,9.53%,10.11%,
104/02/02,-12,0,0,-12,8660,529,1,9190,9.53%,10.11%,
104/01/30,17,0,0,17,8672,529,1,9202,9.54%,10.12%,
104/01/29,-1,0,1,0,8655,529,1,9185,9.53%,10.11%,
104/01/28,-18,0,0,-18,8656,529,0,9185,9.53%,10.11%,
104/01/27,-36,0,0,-36,8674,529,0,9203,9.55%,10.13%,
104/01/26,-23,0,0,-23,8710,529,0,9239,9.59%,10.17%,
104/01/23,7,0,0,7,8733,529,0,9262,9.61%,10.19%,
104/01/22,-17,0,0,-17,8726,529,0,9255,9.60%,10.18%,
104/01/21,2,-22,0,-20,8744,529,0,9273,9.62%,10.20%,
104/01/20,-51,0,0,-51,8742,551,0,9293,9.62%,10.23%,
104/01/19,-39,0,0,-39,8793,551,0,9344,9.68%,10.29%,
104/01/16,-26,0,-1,-27,8832,551,0,9383,9.72%,10.33%,
104/01/15,-71,0,0,-71,8858,551,1,9410,9.75%,10.36%,
104/01/14,-21,0,0,-21,8929,551,1,9481,9.83%,10.44%,
104/01/13,-13,-5,0,-18,8950,551,1,9502,9.85%,10.46%,
104/01/12,-8,0,0,-8,8963,556,1,9520,9.86%,10.47%,
104/01/09,-38,0,1,-37,8971,556,1,9528,9.87%,10.48%,
104/01/08,-59,0,0,-59,9009,556,0,9565,9.92%,10.53%,
104/01/07,3,-5,0,-2,9068,556,0,9624,9.98%,10.59%,
104/01/06,18,0,0,18,9065,561,0,9626,9.98%,10.60%,
104/01/05,-14,-5,0,-19,9047,561,0,9608,9.96%,10.58%,
