107/03/01,4543294,52447509,11.05,11.95,11.05,11.65,+0.65,1453,
107/03/02,1243572,14089581,11.45,11.50,11.20,11.25,-0.40,511,
107/03/05,1983278,21642286,11.00,11.20,10.70,10.70,-0.55,635,
107/03/06,806021,8686185,10.95,10.95,10.70,10.80,+0.10,268,
107/03/07,2069027,23413347,11.40,11.45,11.15,11.25,+0.45,756,
107/03/08,879400,9854402,11.30,11.30,11.10,11.20,-0.05,325,
107/03/09,626013,6966893,11.25,11.30,11.00,11.05,-0.15,242,
107/03/12,657069,7250661,11.00,11.10,11.00,11.10,+0.05,237,
107/03/13,827648,9286990,11.10,11.30,11.10,11.15,+0.05,248,
107/03/14,511488,5755390,11.25,11.30,11.20,11.30,+0.15,195,
107/03/15,433101,4858933,11.25,11.25,11.20,11.25,-0.05,136,
107/03/16,946091,10569006,11.35,11.35,11.10,11.15,-0.10,326,
107/03/19,2332669,26487738,11.20,11.45,11.15,11.30,+0.15,735,
107/03/20,547219,6182799,11.25,11.40,11.20,11.30,0.00,175,
107/03/21,557853,6309992,11.35,11.40,11.25,11.25,-0.05,185,
107/03/22,419301,4715969,11.25,11.35,11.20,11.25,0.00,158,
107/03/23,541193,5965790,11.05,11.10,10.90,11.10,-0.15,220,
107/03/26,236000,2606550,11.00,11.15,10.95,11.05,-0.05,125,
107/03/27,579444,6508597,11.15,11.30,11.15,11.20,+0.15,238,
107/03/28,470018,5282448,11.20,11.30,11.20,11.25,+0.05,154,
107/03/29,405258,4560800,11.25,11.30,11.20,11.25,0.00,125,
107/03/30,866902,9866710,11.35,11.45,11.35,11.35,+0.10,336,
107/03/31,437451,4981835,11.30,11.45,11.30,11.40,+0.05,163,
107/02/01,334009,3511393,10.60,10.60,10.50,10.50,-0.10,118,
107/02/02,1943004,20802038,10.45,10.90,10.45,10.60,+0.10,532,
107/02/05,811062,8366037,10.40,10.50,10.15,10.35,-0.25,300,
107/02/06,1205146,12014951,10.10,10.35,9.73,9.80,-0.55,416,
107/02/07,594001,5994629,10.00,10.25,9.99,10.00,+0.20,214,
107/02/08,184600,1843882,10.10,10.10,9.92,10.00,0.00,85,
107/02/09,295068,2921567,9.80,10.10,9.76,10.00,0.00,167,
107/02/12,476215,4782900,10.15,10.15,10.00,10.05,+0.05,162,
107/02/21,634464,6593076,10.20,10.50,10.20,10.35,+0.30,200,
107/02/22,230673,2403644,10.35,10.50,10.30,10.45,+0.10,131,
107/02/23,13162234,150203419,10.55,11.45,10.55,11.45,+1.00,1727,
107/02/26,6054732,71179897,12.00,12.10,11.30,11.40,-0.05,1797,
107/02/27,2424891,26997894,11.30,11.40,10.95,11.00,-0.40,741,
107/01/02,2406886,25839058,10.45,10.90,10.40,10.85,+0.50,630,
107/01/03,3923741,43326101,11.05,11.20,10.90,10.95,+0.10,1096,
107/01/04,1685791,18180949,10.90,11.00,10.65,10.65,-0.30,507,
107/01/05,5090882,56605812,10.75,11.35,10.75,11.00,+0.35,1505,
107/01/08,3665728,41148812,11.05,11.45,10.90,11.25,+0.25,981,
107/01/09,1489387,16618473,11.20,11.30,11.05,11.10,-0.15,380,
107/01/10,2234500,25169199,11.15,11.40,11.15,11.25,+0.15,599,
107/01/11,8985823,106041939,11.45,12.25,11.30,11.65,+0.40,2492,
107/01/12,3970070,45184181,11.55,11.70,11.15,11.25,-0.40,1108,
107/01/15,2266176,24676285,11.20,11.20,10.75,10.75,-0.50,754,
107/01/16,1520979,16164175,10.75,10.80,10.55,10.60,-0.15,416,
107/01/17,999051,10768144,10.60,10.95,10.60,10.75,+0.15,361,
107/01/18,899358,9590422,10.80,10.85,10.60,10.60,-0.15,300,
107/01/19,516012,5519726,10.60,10.80,10.60,10.65,+0.05,172,
107/01/22,810086,8731331,10.80,10.90,10.70,10.75,+0.10,196,
107/01/23,407718,4356407,10.75,10.80,10.65,10.65,-0.10,140,
107/01/24,530111,5686331,10.65,10.85,10.60,10.70,+0.05,175,
107/01/25,839202,9116247,10.85,11.00,10.75,10.80,+0.10,260,
107/01/26,266037,2853542,10.80,10.85,10.65,10.70,-0.10,111,
107/01/29,273123,2932454,10.80,10.80,10.65,10.70,0.00,118,
107/01/30,519201,5486660,10.75,10.75,10.45,10.50,-0.20,187,
107/01/31,1055236,11124976,10.55,10.80,10.35,10.60,+0.10,362,
106/12/01,501640,5161942,10.40,10.40,10.25,10.35,0.00,140,
106/12/04,365200,3799328,10.40,10.50,10.35,10.40,+0.05,115,
106/12/05,646811,6639448,10.40,10.45,10.10,10.10,-0.30,210,
106/12/06,608712,6144905,10.15,10.25,10.00,10.05,-0.05,179,
106/12/07,389878,3898140,9.97,10.15,9.95,9.97,-0.08,119,
106/12/08,998240,9868134,10.05,10.05,9.82,9.82,-0.15,238,
106/12/11,526111,5216654,9.82,10.00,9.82,9.93,+0.11,147,
106/12/12,340200,3353069,9.91,9.91,9.81,9.81,-0.12,102,
106/12/13,438926,4381431,9.82,10.30,9.82,9.93,+0.12,148,
106/12/14,237222,2375955,10.00,10.10,9.98,9.98,+0.05,100,
106/12/15,326407,3236016,10.05,10.10,9.84,9.98,0.00,115,
106/12/18,187708,1866750,10.00,10.00,9.87,9.95,-0.03,97,
106/12/19,244020,2416885,9.98,9.98,9.88,9.89,-0.06,61,
106/12/20,157468,1563372,10.00,10.00,9.90,9.92,+0.03,54,
106/12/21,381103,3810962,9.92,10.05,9.91,9.98,+0.06,126,
106/12/22,271222,2703130,9.95,10.00,9.95,9.97,-0.01,77,
106/12/25,249264,2492187,10.05,10.10,9.97,9.99,+0.02,100,
106/12/26,159265,1588560,10.05,10.05,9.91,9.93,-0.06,72,
106/12/27,2998219,31438531,10.10,10.90,9.98,10.45,+0.52,838,
106/12/28,768162,7953667,10.60,10.60,10.20,10.30,-0.15,266,
106/12/29,299922,3097745,10.45,10.45,10.25,10.35,+0.05,116,
106/11/01,4575505,47266795,10.45,10.50,10.10,10.50,+0.05,1089,
106/11/02,11999997,132779056,10.55,11.30,10.55,11.15,+0.65,2604,
106/11/03,6349598,71214825,11.20,11.50,10.95,11.50,+0.35,1332,
106/11/06,3540644,40241478,11.60,11.60,11.15,11.25,-0.25,895,
106/11/07,3281813,36856622,11.30,11.45,11.00,11.10,-0.15,717,
106/11/08,2401660,26873025,11.25,11.30,11.10,11.15,+0.05,536,
106/11/09,3226785,34584797,11.15,11.25,10.30,10.45,-0.70,971,
106/11/10,2263691,24162521,10.45,10.95,10.40,10.65,+0.20,608,
106/11/13,2127798,21838688,10.40,10.60,10.15,10.20,-0.45,550,
106/11/14,1132200,11866058,10.30,10.70,10.30,10.45,+0.25,392,
106/11/15,587001,6115760,10.35,10.55,10.35,10.40,-0.05,176,
106/11/16,654750,6877798,10.50,10.60,10.45,10.45,+0.05,199,
106/11/17,620776,6519968,10.50,10.60,10.45,10.45,0.00,168,
106/11/20,754754,7991866,10.50,10.70,10.50,10.55,+0.10,235,
106/11/21,768901,8156587,10.60,10.75,10.50,10.60,+0.05,204,
106/11/22,878915,9231075,10.70,10.70,10.30,10.30,-0.30,297,
106/11/23,586415,6070965,10.45,10.45,10.30,10.35,+0.05,169,
106/11/24,604177,6229880,10.35,10.40,10.25,10.30,-0.05,148,
106/11/27,599191,6187645,10.50,10.50,10.20,10.35,+0.05,137,
106/11/28,626688,6437316,10.40,10.45,10.20,10.20,-0.15,187,
106/11/29,520894,5375317,10.25,10.40,10.25,10.30,+0.10,146,
106/11/30,629112,6508803,10.25,10.50,10.25,10.35,+0.05,172,
106/10/02,128000,1146910,8.98,9.05,8.87,9.05,+0.21,61,
106/10/03,237600,2137597,9.05,9.09,8.93,9.06,+0.01,93,
106/10/05,446006,4046465,9.02,9.20,8.93,9.20,+0.14,147,
106/10/06,383103,3524476,9.25,9.25,9.13,9.14,-0.06,132,
106/10/11,373410,3382230,9.14,9.20,9.00,9.01,-0.13,127,
106/10/12,122714,1105438,9.00,9.09,8.98,9.01,0.00,58,
106/10/13,207977,1873103,9.09,9.09,8.96,8.98,-0.03,56,
106/10/16,98004,883322,9.05,9.08,8.98,8.99,+0.01,50,
106/10/17,161047,1449445,9.01,9.05,8.99,8.99,0.00,53,
106/10/18,167947,1517429,9.08,9.08,9.00,9.02,+0.03,65,
106/10/19,185432,1675622,9.02,9.07,9.01,9.02,0.00,49,
106/10/20,101010,913190,9.09,9.09,9.01,9.04,+0.02,37,
106/10/23,2691200,25184222,9.09,9.49,9.08,9.41,+0.37,620,
106/10/24,2804301,26707130,9.45,9.62,9.42,9.46,+0.05,749,
106/10/25,858726,8057293,9.45,9.49,9.21,9.40,-0.06,232,
106/10/26,2038359,19401491,9.41,9.59,9.41,9.59,+0.19,428,
106/10/27,833761,7916610,9.58,9.59,9.40,9.40,-0.19,218,
106/10/30,4790842,46719291,9.54,10.05,9.50,9.77,+0.37,1187,
106/10/31,7505844,76878212,9.85,10.65,9.85,10.45,+0.68,1589,
106/09/01,147000,1308790,8.93,8.93,8.89,8.90,-0.03,43,
106/09/04,352000,3131930,8.99,8.99,8.84,8.84,-0.06,89,
106/09/05,144018,1273068,8.85,8.88,8.81,8.88,+0.04,65,
106/09/06,72281,637641,8.89,8.89,8.80,8.85,-0.03,42,
106/09/07,199794,1784626,8.84,9.00,8.84,8.92,+0.07,84,
106/09/08,130000,1152060,8.92,8.92,8.85,8.88,-0.04,41,
106/09/11,877222,7968498,9.10,9.15,9.01,9.09,+0.21,230,
106/09/12,469124,4272802,9.20,9.20,9.02,9.05,-0.04,138,
106/09/13,276552,2490788,9.00,9.06,8.98,9.01,-0.04,83,
106/09/14,293037,2639473,9.11,9.11,8.99,9.01,0.00,66,
106/09/15,101000,909690,9.01,9.03,8.99,9.02,+0.01,34,
106/09/18,715421,6587579,9.10,9.28,9.10,9.18,+0.16,201,
106/09/19,371801,3400588,9.27,9.27,9.08,9.10,-0.08,98,
106/09/20,115001,1044269,9.07,9.10,9.04,9.05,-0.05,44,
106/09/21,258070,2362437,9.25,9.25,9.08,9.15,+0.10,107,
106/09/22,307001,2763379,9.10,9.11,8.95,8.98,-0.17,103,
106/09/25,199854,1784228,8.98,9.00,8.91,8.91,-0.07,81,
106/09/26,596756,5327844,8.91,9.00,8.87,8.88,-0.03,140,
106/09/27,84242,751073,8.96,8.98,8.88,8.94,+0.06,38,
106/09/28,109242,972573,8.98,8.98,8.86,8.86,-0.08,35,
106/09/29,196222,1732097,8.86,8.90,8.78,8.83,-0.03,65,
106/09/30,75773,671140,8.89,8.94,8.83,8.84,+0.01,25,
106/12/01,501640,5161942,10.40,10.40,10.25,10.35,0.00,140,
106/12/04,365200,3799328,10.40,10.50,10.35,10.40,+0.05,115,
106/12/05,646811,6639448,10.40,10.45,10.10,10.10,-0.30,210,
106/12/06,608712,6144905,10.15,10.25,10.00,10.05,-0.05,179,
106/12/07,389878,3898140,9.97,10.15,9.95,9.97,-0.08,119,
106/12/08,998240,9868134,10.05,10.05,9.82,9.82,-0.15,238,
106/12/11,526111,5216654,9.82,10.00,9.82,9.93,+0.11,147,
106/12/12,340200,3353069,9.91,9.91,9.81,9.81,-0.12,102,
106/12/13,438926,4381431,9.82,10.30,9.82,9.93,+0.12,148,
106/12/14,237222,2375955,10.00,10.10,9.98,9.98,+0.05,100,
106/12/15,326407,3236016,10.05,10.10,9.84,9.98,0.00,115,
106/12/18,187708,1866750,10.00,10.00,9.87,9.95,-0.03,97,
106/12/19,244020,2416885,9.98,9.98,9.88,9.89,-0.06,61,
106/12/20,157468,1563372,10.00,10.00,9.90,9.92,+0.03,54,
106/12/21,381103,3810962,9.92,10.05,9.91,9.98,+0.06,126,
106/12/22,271222,2703130,9.95,10.00,9.95,9.97,-0.01,77,
106/12/25,249264,2492187,10.05,10.10,9.97,9.99,+0.02,100,
106/12/26,159265,1588560,10.05,10.05,9.91,9.93,-0.06,72,
106/12/27,2998219,31438531,10.10,10.90,9.98,10.45,+0.52,838,
106/12/28,768162,7953667,10.60,10.60,10.20,10.30,-0.15,266,
106/12/29,299922,3097745,10.45,10.45,10.25,10.35,+0.05,116,
106/11/01,4575505,47266795,10.45,10.50,10.10,10.50,+0.05,1089,
106/11/02,11999997,132779056,10.55,11.30,10.55,11.15,+0.65,2604,
106/11/03,6349598,71214825,11.20,11.50,10.95,11.50,+0.35,1332,
106/11/06,3540644,40241478,11.60,11.60,11.15,11.25,-0.25,895,
106/11/07,3281813,36856622,11.30,11.45,11.00,11.10,-0.15,717,
106/11/08,2401660,26873025,11.25,11.30,11.10,11.15,+0.05,536,
106/11/09,3226785,34584797,11.15,11.25,10.30,10.45,-0.70,971,
106/11/10,2263691,24162521,10.45,10.95,10.40,10.65,+0.20,608,
106/11/13,2127798,21838688,10.40,10.60,10.15,10.20,-0.45,550,
106/11/14,1132200,11866058,10.30,10.70,10.30,10.45,+0.25,392,
106/11/15,587001,6115760,10.35,10.55,10.35,10.40,-0.05,176,
106/11/16,654750,6877798,10.50,10.60,10.45,10.45,+0.05,199,
106/11/17,620776,6519968,10.50,10.60,10.45,10.45,0.00,168,
106/11/20,754754,7991866,10.50,10.70,10.50,10.55,+0.10,235,
106/11/21,768901,8156587,10.60,10.75,10.50,10.60,+0.05,204,
106/11/22,878915,9231075,10.70,10.70,10.30,10.30,-0.30,297,
106/11/23,586415,6070965,10.45,10.45,10.30,10.35,+0.05,169,
106/11/24,604177,6229880,10.35,10.40,10.25,10.30,-0.05,148,
106/11/27,599191,6187645,10.50,10.50,10.20,10.35,+0.05,137,
106/11/28,626688,6437316,10.40,10.45,10.20,10.20,-0.15,187,
106/11/29,520894,5375317,10.25,10.40,10.25,10.30,+0.10,146,
106/11/30,629112,6508803,10.25,10.50,10.25,10.35,+0.05,172,
106/10/02,128000,1146910,8.98,9.05,8.87,9.05,+0.21,61,
106/10/03,237600,2137597,9.05,9.09,8.93,9.06,+0.01,93,
106/10/05,446006,4046465,9.02,9.20,8.93,9.20,+0.14,147,
106/10/06,383103,3524476,9.25,9.25,9.13,9.14,-0.06,132,
106/10/11,373410,3382230,9.14,9.20,9.00,9.01,-0.13,127,
106/10/12,122714,1105438,9.00,9.09,8.98,9.01,0.00,58,
106/10/13,207977,1873103,9.09,9.09,8.96,8.98,-0.03,56,
106/10/16,98004,883322,9.05,9.08,8.98,8.99,+0.01,50,
106/10/17,161047,1449445,9.01,9.05,8.99,8.99,0.00,53,
106/10/18,167947,1517429,9.08,9.08,9.00,9.02,+0.03,65,
106/10/19,185432,1675622,9.02,9.07,9.01,9.02,0.00,49,
106/10/20,101010,913190,9.09,9.09,9.01,9.04,+0.02,37,
106/10/23,2691200,25184222,9.09,9.49,9.08,9.41,+0.37,620,
106/10/24,2804301,26707130,9.45,9.62,9.42,9.46,+0.05,749,
106/10/25,858726,8057293,9.45,9.49,9.21,9.40,-0.06,232,
106/10/26,2038359,19401491,9.41,9.59,9.41,9.59,+0.19,428,
106/10/27,833761,7916610,9.58,9.59,9.40,9.40,-0.19,218,
106/10/30,4790842,46719291,9.54,10.05,9.50,9.77,+0.37,1187,
106/10/31,7505844,76878212,9.85,10.65,9.85,10.45,+0.68,1589,
106/09/01,147000,1308790,8.93,8.93,8.89,8.90,-0.03,43,
106/09/04,352000,3131930,8.99,8.99,8.84,8.84,-0.06,89,
106/09/05,144018,1273068,8.85,8.88,8.81,8.88,+0.04,65,
106/09/06,72281,637641,8.89,8.89,8.80,8.85,-0.03,42,
106/09/07,199794,1784626,8.84,9.00,8.84,8.92,+0.07,84,
106/09/08,130000,1152060,8.92,8.92,8.85,8.88,-0.04,41,
106/09/11,877222,7968498,9.10,9.15,9.01,9.09,+0.21,230,
106/09/12,469124,4272802,9.20,9.20,9.02,9.05,-0.04,138,
106/09/13,276552,2490788,9.00,9.06,8.98,9.01,-0.04,83,
106/09/14,293037,2639473,9.11,9.11,8.99,9.01,0.00,66,
106/09/15,101000,909690,9.01,9.03,8.99,9.02,+0.01,34,
106/09/18,715421,6587579,9.10,9.28,9.10,9.18,+0.16,201,
106/09/19,371801,3400588,9.27,9.27,9.08,9.10,-0.08,98,
106/09/20,115001,1044269,9.07,9.10,9.04,9.05,-0.05,44,
106/09/21,258070,2362437,9.25,9.25,9.08,9.15,+0.10,107,
106/09/22,307001,2763379,9.10,9.11,8.95,8.98,-0.17,103,
106/09/25,199854,1784228,8.98,9.00,8.91,8.91,-0.07,81,
106/09/26,596756,5327844,8.91,9.00,8.87,8.88,-0.03,140,
106/09/27,84242,751073,8.96,8.98,8.88,8.94,+0.06,38,
106/09/28,109242,972573,8.98,8.98,8.86,8.86,-0.08,35,
106/09/29,196222,1732097,8.86,8.90,8.78,8.83,-0.03,65,
106/09/30,75773,671140,8.89,8.94,8.83,8.84,+0.01,25,
106/08/01,671200,5780897,8.57,8.67,8.55,8.66,+0.16,214,
106/08/02,138768,1192752,8.64,8.64,8.55,8.61,-0.05,72,
106/08/03,46168,395875,8.53,8.63,8.53,8.55,-0.06,27,
106/08/04,122640,1048965,8.55,8.60,8.54,8.56,+0.01,39,
106/08/07,221449,1902739,8.56,8.61,8.56,8.61,+0.05,88,
106/08/08,1205055,10654703,8.67,8.97,8.67,8.82,+0.21,457,
106/08/09,258475,2271652,8.93,8.93,8.71,8.75,-0.07,105,
106/08/10,226018,1979590,8.80,8.82,8.71,8.78,+0.03,100,
106/08/11,271001,2383858,8.80,8.83,8.75,8.76,-0.02,77,
106/08/14,145093,1258478,8.80,8.80,8.61,8.67,-0.09,56,
106/08/15,171001,1475328,8.75,8.75,8.55,8.57,-0.10,68,
106/08/16,140665,1220289,8.65,8.78,8.62,8.62,+0.05,49,
106/08/17,149622,1301418,8.70,8.72,8.67,8.70,+0.08,40,
106/08/18,80000,692800,8.68,8.70,8.64,8.68,-0.02,30,
106/08/21,194152,1688034,8.70,8.73,8.65,8.70,+0.02,59,
106/08/22,719101,6428435,8.80,9.01,8.80,8.90,+0.20,241,
106/08/23,440282,3943893,8.97,9.00,8.91,8.92,+0.02,100,
106/08/24,146325,1305441,8.92,8.98,8.86,8.93,+0.01,69,
106/08/25,137001,1220068,8.93,8.98,8.88,8.90,-0.03,55,
106/08/28,144301,1279488,8.86,8.90,8.86,8.88,-0.02,55,
106/08/29,80211,713076,8.88,8.91,8.87,8.89,+0.01,33,
106/08/30,47000,419620,8.99,8.99,8.90,8.95,+0.06,21,
106/08/31,205377,1844873,9.04,9.04,8.93,8.93,-0.02,67,
106/07/03,194001,1669298,8.57,8.63,8.57,8.59,+0.04,94,
106/07/04,123001,1056838,8.60,8.61,8.55,8.55,-0.04,39,
106/07/05,114774,979854,8.55,8.57,8.49,8.56,+0.01,62,
106/07/06,91462,778776,8.49,8.56,8.48,8.56,0.00,40,
106/07/07,30002,254886,8.49,8.50,8.49,8.50,-0.06,21,
106/07/10,24064,203668,8.45,8.48,8.45,8.48,-0.02,19,
106/07/11,83011,701862,8.48,8.50,8.40,8.45,-0.03,30,
106/07/12,81657,694777,8.42,8.55,8.42,8.49,+0.04,33,
106/07/13,93001,795008,8.57,8.58,8.50,8.56,+0.07,46,
106/07/14,65010,554735,8.56,8.56,8.51,8.51,-0.05,24,
106/07/17,84051,712865,8.45,8.50,8.45,8.47,-0.04,40,
106/07/18,185352,1583649,8.50,8.64,8.49,8.59,+0.12,81,
106/07/19,251215,2142181,8.53,8.59,8.52,8.52,-0.07,36,
106/07/20,144589,1235516,8.57,8.58,8.51,8.58,+0.06,46,
106/07/21,76002,646616,8.51,8.55,8.50,8.51,-0.07,24,
106/07/24,109049,925521,8.50,8.51,8.46,8.47,-0.04,39,
106/07/25,78000,659790,8.47,8.47,8.45,8.46,-0.01,28,
106/07/26,75502,641528,8.50,8.52,8.48,8.48,+0.02,31,
106/07/27,66204,560454,8.46,8.48,8.46,8.46,-0.02,28,
106/07/28,153004,1297103,8.48,8.50,8.42,8.50,+0.04,42,
106/07/31,108506,921363,8.50,8.50,8.48,8.50,0.00,32,
106/06/01,150288,1364277,9.10,9.23,9.02,9.09,+0.04,53,
106/06/02,163002,1476968,9.09,9.10,9.01,9.07,-0.02,54,
106/06/03,87331,787605,9.03,9.05,9.01,9.02,-0.05,24,
106/06/05,140192,1262821,9.06,9.06,8.99,8.99,-0.03,61,
106/06/06,190280,1719410,8.99,9.16,8.99,9.06,+0.07,59,
106/06/07,194338,1747995,9.03,9.03,8.97,9.00,-0.06,65,
106/06/08,102002,919778,9.05,9.06,8.99,9.06,+0.06,39,
106/06/09,138231,1248784,9.06,9.06,9.00,9.02,-0.04,33,
106/06/12,180000,1621200,9.05,9.05,8.99,9.00,-0.02,47,
106/06/13,78325,705447,9.01,9.05,9.00,9.00,0.00,44,
106/06/14,105000,940260,9.00,9.00,8.92,8.97,-0.03,37,
106/06/15,58001,520498,8.95,8.99,8.95,8.99,+0.02,23,
106/06/16,58000,522710,9.00,9.04,9.00,9.00,+0.01,21,
106/06/19,87708,790512,9.04,9.04,8.99,9.01,+0.01,40,
106/06/20,97050,871061,9.03,9.03,8.96,9.01,0.00,38,
106/06/21,92510,832702,8.98,9.03,8.98,9.01,0.00,51,
106/06/22,107422,969038,9.01,9.04,9.00,9.02,+0.01,42,
106/06/23,156182,1409113,9.02,9.04,9.01,9.01,-0.01,50,
106/06/26,252065,2279365,9.03,9.07,9.00,9.05,+0.04,109,
106/06/27,621797,5629109,9.09,9.12,9.00,9.00,-0.05,234,
106/06/28,332000,2827370,8.50,8.55,8.45,8.53,X0.00,160,
106/06/29,154001,1317928,8.61,8.66,8.46,8.53,0.00,82,
106/06/30,202216,1725407,8.53,8.58,8.50,8.55,+0.02,74,
106/05/02,203011,1809827,9.05,9.05,8.88,8.90,-0.10,86,
106/05/03,93192,832777,8.90,8.96,8.90,8.96,+0.06,38,
106/05/04,151320,1361920,9.00,9.10,8.97,9.09,+0.13,50,
106/05/05,146247,1313424,9.09,9.09,8.94,9.00,-0.09,60,
106/05/08,132710,1194120,9.05,9.05,8.98,9.00,0.00,58,
106/05/09,204063,1827667,9.01,9.05,8.90,9.02,+0.02,83,
106/05/10,67768,609133,9.03,9.03,8.96,9.00,-0.02,32,
106/05/11,221435,1963489,8.96,8.96,8.80,8.83,-0.17,101,
106/05/12,253244,2233236,8.83,8.90,8.79,8.85,+0.02,73,
106/05/15,135112,1198904,8.86,8.94,8.85,8.88,+0.03,49,
106/05/16,74001,658968,8.88,8.97,8.88,8.89,+0.01,31,
106/05/17,48666,431910,8.90,8.91,8.86,8.86,-0.03,19,
106/05/18,206010,1803658,8.76,8.88,8.63,8.88,+0.02,79,
106/05/19,43686,387002,8.90,8.90,8.80,8.87,-0.01,18,
106/05/22,56636,499694,8.80,8.88,8.80,8.82,-0.05,28,
106/05/23,64706,571202,8.89,8.89,8.80,8.83,+0.01,25,
106/05/24,443888,3992312,8.87,9.35,8.87,9.05,+0.22,163,
106/05/25,243000,2209200,9.08,9.16,9.04,9.10,+0.05,89,
106/05/26,151242,1374863,9.10,9.13,9.02,9.11,+0.01,58,
106/05/31,150697,1360699,9.05,9.09,9.00,9.05,-0.06,42,
106/04/05,728528,7020031,9.65,9.67,9.59,9.66,+0.04,248,
106/04/06,416657,4029372,9.66,9.74,9.61,9.74,+0.08,160,
106/04/07,462666,4502916,9.74,9.80,9.66,9.72,-0.02,173,
106/04/10,346954,3367151,9.75,9.75,9.69,9.72,0.00,178,
106/04/11,545586,5237358,9.70,9.74,9.51,9.59,-0.13,234,
106/04/12,373474,3551938,9.51,9.64,9.46,9.56,-0.03,141,
106/04/13,518116,4930097,9.56,9.60,9.48,9.50,-0.06,177,
106/04/14,677515,6315480,9.40,9.47,9.30,9.31,-0.19,204,
106/04/17,212128,1966364,9.31,9.39,9.23,9.25,-0.06,93,
106/04/18,294244,2716083,9.30,9.30,9.19,9.21,-0.04,96,
106/04/19,556024,5011496,9.15,9.15,8.94,8.96,-0.25,214,
106/04/20,325006,2898744,9.00,9.00,8.82,8.93,-0.03,126,
106/04/21,169015,1519775,8.98,9.07,8.83,9.00,+0.07,87,
106/04/24,70011,631169,9.13,9.13,8.94,9.00,0.00,51,
106/04/25,127154,1146186,9.16,9.16,8.99,9.02,+0.02,67,
106/04/26,343803,3109326,9.05,9.14,9.00,9.14,+0.12,101,
106/04/27,38244,348089,9.16,9.16,9.06,9.12,-0.02,29,
106/04/28,180397,1625963,9.14,9.14,8.98,9.00,-0.12,61,
106/03/01,4383152,42553204,9.41,9.93,9.41,9.60,+0.21,1198,
106/03/02,1696734,16298636,9.72,9.76,9.46,9.50,-0.10,387,
106/03/03,525119,4988840,9.50,9.58,9.45,9.50,0.00,189,
106/03/06,1858467,18026874,9.50,9.82,9.46,9.68,+0.18,656,
106/03/07,561260,5434030,9.70,9.74,9.65,9.66,-0.02,250,
106/03/08,591831,5678430,9.70,9.71,9.52,9.53,-0.13,262,
106/03/09,761353,7176825,9.55,9.55,9.38,9.46,-0.07,290,
106/03/10,961035,8982840,9.36,9.50,9.23,9.49,+0.03,325,
106/03/13,600222,5672978,9.58,9.58,9.38,9.45,-0.04,238,
106/03/14,328244,3088229,9.45,9.49,9.35,9.37,-0.08,148,
106/03/15,3268917,31559999,9.38,9.80,9.38,9.66,+0.29,1056,
106/03/16,943178,9120447,9.74,9.76,9.58,9.59,-0.07,351,
106/03/17,885705,8510828,9.63,9.74,9.56,9.58,-0.01,324,
106/03/20,1533377,14914613,9.75,9.80,9.66,9.75,+0.17,525,
106/03/21,1213595,11632624,9.75,9.75,9.49,9.53,-0.22,374,
106/03/22,791296,7538872,9.51,9.62,9.41,9.60,+0.07,237,
106/03/23,1154774,11213851,9.63,9.76,9.60,9.74,+0.14,424,
106/03/24,921045,9028527,9.79,9.87,9.70,9.83,+0.09,337,
106/03/27,725505,7112915,9.84,9.90,9.71,9.73,-0.10,319,
106/03/28,987403,9458095,9.73,9.79,9.46,9.55,-0.18,316,
106/03/29,329554,3159003,9.62,9.69,9.46,9.61,+0.06,160,
106/03/30,372765,3556749,9.62,9.63,9.49,9.53,-0.08,193,
106/03/31,478705,4575665,9.55,9.62,9.53,9.62,+0.09,160,
106/02/02,695902,6050127,8.58,8.83,8.55,8.78,+0.20,207,
106/02/03,351291,3095296,8.88,8.89,8.73,8.73,-0.05,151,
106/02/06,314037,2741751,8.87,8.87,8.71,8.73,0.00,121,
106/02/07,126045,1100438,8.76,8.79,8.71,8.79,+0.06,56,
106/02/08,282866,2481082,8.88,8.88,8.71,8.80,+0.01,115,
106/02/09,438709,3863161,8.80,8.88,8.74,8.88,+0.08,157,
106/02/10,1704026,15534162,8.95,9.24,8.94,9.19,+0.31,556,
106/02/13,1974489,18228977,9.30,9.31,9.14,9.19,0.00,659,
106/02/14,774681,7096189,9.22,9.26,9.01,9.02,-0.17,298,
106/02/15,642640,5863420,9.05,9.17,9.05,9.12,+0.10,250,
106/02/16,487542,4430007,9.12,9.15,9.02,9.05,-0.07,174,
106/02/17,520457,4746007,9.20,9.23,9.05,9.06,+0.01,188,
106/02/18,385285,3509419,9.10,9.15,9.07,9.09,+0.03,123,
106/02/20,1219031,11253629,9.19,9.35,9.05,9.05,-0.04,385,
106/02/21,2651092,24809214,9.12,9.55,9.10,9.48,+0.43,646,
106/02/22,1319688,12374724,9.39,9.45,9.31,9.38,-0.10,425,
106/02/23,1621544,15283688,9.33,9.59,9.32,9.38,0.00,428,
106/02/24,676075,6313852,9.38,9.40,9.27,9.39,+0.01,218,
106/01/03,33239,280370,8.37,8.48,8.37,8.40,+0.03,31,
106/01/04,230005,1960890,8.48,8.58,8.48,8.49,+0.09,78,
106/01/05,69418,591611,8.55,8.56,8.50,8.50,+0.01,43,
106/01/06,58111,494922,8.50,8.57,8.49,8.52,+0.02,27,
106/01/09,274111,2337486,8.54,8.58,8.45,8.45,-0.07,86,
106/01/10,93010,782340,8.45,8.45,8.40,8.40,-0.05,45,
106/01/11,290037,2428935,8.33,8.42,8.33,8.36,-0.04,87,
106/01/12,781501,6746983,8.40,8.86,8.37,8.68,+0.32,263,
106/01/13,350035,3022116,8.75,8.75,8.53,8.55,-0.13,107,
106/01/16,195208,1682965,8.66,8.70,8.55,8.60,+0.05,91,
106/01/17,129744,1119363,8.64,8.73,8.57,8.63,+0.03,56,
106/01/18,378448,3246583,8.56,8.80,8.50,8.54,-0.09,148,
106/01/19,289484,2462998,8.64,8.64,8.46,8.47,-0.07,110,
106/01/20,146415,1248030,8.47,8.60,8.43,8.46,-0.01,69,
106/01/23,233115,2013502,8.59,8.70,8.51,8.59,+0.13,94,
106/01/24,191454,1635606,8.54,8.58,8.53,8.58,-0.01,79,
105/12/01,303244,2587735,8.53,8.58,8.51,8.53,+0.02,121,
105/12/02,241003,2078274,8.55,8.70,8.55,8.57,+0.04,97,
105/12/05,151208,1298534,8.73,8.73,8.52,8.52,-0.05,65,
105/12/06,237866,2056329,8.65,8.71,8.58,8.58,+0.06,99,
105/12/07,166200,1429384,8.62,8.66,8.57,8.60,+0.02,61,
105/12/08,254001,2207418,8.76,8.76,8.63,8.65,+0.05,90,
105/12/09,295746,2542034,8.61,8.69,8.52,8.66,+0.01,98,
105/12/12,1097609,9832975,9.02,9.04,8.88,8.92,+0.26,344,
105/12/13,688710,6216860,8.99,9.14,8.95,9.03,+0.11,264,
105/12/14,472354,4206739,9.10,9.10,8.85,8.85,-0.18,179,
105/12/15,195000,1718900,8.83,8.85,8.78,8.80,-0.05,70,
105/12/16,248082,2192064,8.81,8.94,8.77,8.77,-0.03,111,
105/12/19,229020,1991427,8.77,8.77,8.65,8.66,-0.11,99,
105/12/20,324428,2808860,8.74,8.78,8.58,8.65,-0.01,110,
105/12/21,145409,1257685,8.72,8.78,8.58,8.62,-0.03,75,
105/12/22,239513,2036723,8.60,8.60,8.45,8.45,-0.17,99,
105/12/23,219281,1838731,8.40,8.47,8.33,8.33,-0.12,87,
105/12/26,85009,708983,8.35,8.37,8.32,8.34,+0.01,40,
105/12/27,99244,820883,8.26,8.28,8.26,8.28,-0.06,54,
105/12/28,198020,1670234,8.35,8.49,8.35,8.36,+0.08,81,
105/12/29,94051,786032,8.34,8.39,8.31,8.36,0.00,47,
105/12/30,60622,509391,8.42,8.47,8.36,8.37,+0.01,34,
105/11/01,15126,110379,7.30,7.34,7.27,7.34,+0.03,16,
105/11/02,47112,343344,7.36,7.36,7.22,7.33,-0.01,45,
105/11/03,82002,591424,7.22,7.31,7.16,7.20,-0.13,36,
105/11/04,12236,88138,7.26,7.26,7.15,7.25,+0.05,12,
105/11/07,579310,4362311,7.31,7.59,7.31,7.51,+0.26,211,
105/11/08,537979,4088748,7.62,7.73,7.46,7.69,+0.18,194,
105/11/09,1084268,8309377,7.79,7.90,7.50,7.56,-0.13,320,
105/11/10,1333306,10766448,7.82,8.20,7.82,8.04,+0.48,439,
105/11/11,1844267,15420008,8.20,8.55,8.10,8.36,+0.32,676,
105/11/14,769599,6308998,8.30,8.40,8.02,8.40,+0.04,335,
105/11/15,1047205,8988098,8.40,8.74,8.31,8.57,+0.17,348,
105/11/16,654715,5567535,8.65,8.67,8.44,8.44,-0.13,212,
105/11/17,456302,3849970,8.50,8.50,8.38,8.40,-0.04,172,
105/11/18,543003,4601144,8.50,8.59,8.40,8.49,+0.09,163,
105/11/21,1061002,9043236,8.57,8.57,8.48,8.55,+0.06,333,
105/11/22,789224,6708539,8.56,8.56,8.45,8.49,-0.06,193,
105/11/23,3180626,28423245,8.58,9.32,8.54,8.84,+0.35,1151,
105/11/24,837426,7432128,8.71,8.99,8.71,8.97,+0.13,331,
105/11/25,724020,6411771,8.96,9.04,8.76,8.80,-0.17,230,
105/11/28,740330,6507260,8.83,8.92,8.73,8.75,-0.05,219,
105/11/29,700373,6071437,8.80,8.80,8.61,8.61,-0.14,178,
105/11/30,431351,3697435,8.68,8.68,8.51,8.51,-0.10,145,
105/10/03,16037,116246,7.25,7.28,7.23,7.28,+0.03,8,
105/10/04,7001,50667,7.23,7.28,7.23,7.28,0.00,4,
105/10/05,38000,274810,7.25,7.25,7.22,7.25,-0.03,19,
105/10/06,91409,657633,7.25,7.26,7.12,7.20,-0.05,28,
105/10/07,27343,197619,7.20,7.29,7.20,7.29,+0.09,16,
105/10/11,103002,734694,7.18,7.28,7.03,7.10,-0.19,41,
105/10/12,39003,276811,7.20,7.20,7.03,7.18,+0.08,19,
105/10/13,29001,205947,7.18,7.18,7.05,7.16,-0.02,13,
105/10/14,33977,242616,7.14,7.16,7.10,7.16,0.00,17,
105/10/17,18704,132678,7.18,7.18,7.03,7.05,-0.11,22,
105/10/18,13251,94001,7.20,7.20,7.07,7.15,+0.10,7,
105/10/19,14002,100204,7.08,7.19,7.08,7.18,+0.03,10,
105/10/20,161244,1165196,7.18,7.32,7.18,7.24,+0.06,61,
105/10/21,83623,603055,7.25,7.25,7.14,7.24,0.00,36,
105/10/24,129138,943212,7.25,7.57,7.22,7.25,+0.01,69,
105/10/25,61304,444068,7.30,7.30,7.21,7.26,+0.01,31,
105/10/26,352248,2597490,7.28,7.42,7.28,7.39,+0.13,132,
105/10/27,117112,861666,7.45,7.47,7.30,7.38,-0.01,45,
105/10/28,61733,451590,7.38,7.38,7.26,7.32,-0.06,36,
105/10/31,63333,460143,7.35,7.37,7.12,7.31,-0.01,43,
105/09/01,54000,390740,7.25,7.25,7.23,7.23,-0.02,16,
105/09/02,96004,687638,7.21,7.21,7.14,7.16,-0.07,31,
105/09/05,27866,200028,7.17,7.19,7.17,7.18,+0.02,12,
105/09/06,80517,580750,7.19,7.24,7.19,7.22,+0.04,35,
105/09/07,92577,672382,7.20,7.30,7.20,7.25,+0.03,61,
105/09/08,27005,195756,7.26,7.26,7.24,7.25,0.00,12,
105/09/09,92255,669154,7.23,7.30,7.21,7.28,+0.03,41,
105/09/10,95002,683554,7.10,7.25,7.10,7.25,-0.03,42,
105/09/12,37227,268802,7.25,7.25,7.20,7.21,-0.04,20,
105/09/13,26704,191738,7.21,7.21,7.17,7.20,-0.01,11,
105/09/14,54005,388035,7.20,7.23,7.13,7.23,+0.03,22,
105/09/19,90444,656646,7.28,7.28,7.24,7.25,+0.02,41,
105/09/20,53150,383054,7.25,7.25,7.19,7.20,-0.05,12,
105/09/21,96960,704852,7.20,7.35,7.20,7.29,+0.09,36,
105/09/22,101444,732834,7.29,7.29,7.21,7.22,-0.07,56,
105/09/23,2078,15137,7.29,7.29,7.28,7.28,+0.06,4,
105/09/26,8074,58362,7.23,7.23,7.22,7.22,-0.06,9,
105/09/29,97000,707580,7.29,7.32,7.28,7.30,+0.08,22,
105/09/30,14000,101700,7.25,7.29,7.25,7.25,-0.05,5,
105/08/01,16549,115079,6.98,7.00,6.91,7.00,+0.08,13,
105/08/02,46353,318106,6.90,6.92,6.81,6.92,-0.08,37,
105/08/03,25453,174176,6.94,6.94,6.82,6.89,-0.03,33,
105/08/04,31503,216006,6.89,6.89,6.84,6.84,-0.05,25,
105/08/05,17657,120919,6.84,6.87,6.82,6.87,+0.03,13,
105/08/08,261193,1887459,7.50,7.50,7.08,7.17,+0.30,105,
105/08/09,159016,1139614,7.17,7.24,7.13,7.19,+0.02,62,
105/08/10,96012,688975,7.24,7.24,7.15,7.16,-0.03,44,
105/08/11,193010,1390510,7.20,7.25,7.17,7.17,+0.01,72,
105/08/12,117595,848782,7.20,7.25,7.18,7.23,+0.06,48,
105/08/15,97000,700680,7.30,7.30,7.20,7.21,-0.02,27,
105/08/16,38488,276960,7.23,7.24,7.16,7.17,-0.04,29,
105/08/17,280398,2033272,7.26,7.29,7.22,7.27,+0.10,94,
105/08/18,830819,6183934,7.22,7.58,7.22,7.45,+0.18,281,
105/08/19,311859,2308951,7.50,7.50,7.32,7.35,-0.10,116,
105/08/22,85064,624271,7.26,7.40,7.26,7.32,-0.03,71,
105/08/23,123967,904765,7.28,7.34,7.26,7.26,-0.06,51,
105/08/24,115321,834742,7.27,7.27,7.20,7.20,-0.06,52,
105/08/25,79525,570987,7.16,7.23,7.15,7.19,-0.01,40,
105/08/26,88093,634915,7.19,7.26,7.19,7.23,+0.04,56,
105/08/29,49214,356313,7.23,7.25,7.21,7.24,+0.01,64,
105/08/30,102640,743273,7.25,7.28,7.20,7.23,-0.01,99,
105/08/31,36025,262455,7.37,7.37,7.23,7.25,+0.02,40,
105/07/01,66004,436424,6.58,6.65,6.56,6.63,0.00,28,
105/07/04,25333,169430,6.65,6.78,6.65,6.65,+0.02,16,
105/07/05,41000,271960,6.70,6.70,6.57,6.58,-0.07,16,
105/07/06,6002,39632,6.62,6.62,6.57,6.61,+0.03,7,
105/07/07,4001,26506,6.62,6.63,6.62,6.63,+0.02,3,
105/07/11,40282,266900,6.58,6.70,6.58,6.63,0.00,19,
105/07/12,45000,297350,6.65,6.67,6.57,6.64,+0.01,21,
105/07/13,59001,397176,6.67,6.80,6.62,6.75,+0.11,41,
105/07/14,656080,4566240,6.77,7.24,6.71,7.04,+0.29,209,
105/07/15,122257,846294,7.04,7.12,6.82,6.85,-0.19,75,
105/07/18,54011,369513,6.80,6.93,6.80,6.83,-0.02,25,
105/07/19,246683,1721301,6.84,7.17,6.84,7.02,+0.19,136,
105/07/20,262372,1818374,7.02,7.05,6.80,7.00,-0.02,130,
105/07/21,412580,2902216,6.99,7.12,6.99,7.03,+0.03,60,
105/07/22,57311,399434,7.03,7.27,6.87,7.03,0.00,33,
105/07/25,162003,1125891,6.98,7.18,6.92,6.94,-0.09,46,
105/07/26,36101,251817,6.95,7.00,6.95,6.96,+0.02,15,
105/07/27,63947,446119,7.00,7.08,6.86,7.00,+0.04,29,
105/07/28,61222,425599,7.00,7.00,6.90,6.98,-0.02,24,
105/07/29,33894,236433,6.92,7.00,6.92,6.92,-0.06,22,
105/06/01,106956,718443,6.67,6.79,6.67,6.79,+0.10,24,
105/06/02,13004,87486,6.80,6.80,6.72,6.72,-0.07,6,
105/06/03,36248,243811,6.72,6.74,6.67,6.74,+0.02,12,
105/06/04,10244,69516,6.80,6.80,6.77,6.80,+0.06,8,
105/06/06,19223,130491,6.80,6.82,6.75,6.79,-0.01,15,
105/06/07,43004,290374,6.67,6.81,6.67,6.78,-0.01,25,
105/06/08,8249,55537,6.71,6.78,6.71,6.72,-0.06,9,
105/06/13,7018,47124,6.70,6.78,6.67,6.67,-0.05,17,
105/06/14,12064,81838,6.78,6.83,6.73,6.73,+0.06,8,
105/06/15,24008,162981,6.72,6.82,6.72,6.80,+0.07,18,
105/06/16,18006,122346,6.80,6.87,6.77,6.85,+0.05,19,
105/06/17,30345,207423,6.98,6.98,6.82,6.87,+0.02,18,
105/06/20,9001,61946,6.87,6.89,6.87,6.87,0.00,10,
105/06/21,33297,227506,6.96,6.96,6.81,6.89,+0.02,32,
105/06/22,48000,329790,6.85,6.91,6.84,6.88,-0.01,35,
105/06/23,74006,492177,6.62,6.70,6.61,6.62,X0.00,55,
105/06/24,33010,217326,6.62,6.62,6.55,6.58,-0.04,22,
105/06/27,27510,180955,6.50,6.61,6.47,6.61,+0.03,13,
105/06/28,5244,34789,6.66,6.66,6.62,6.62,+0.01,6,
105/06/29,26000,172710,6.62,6.68,6.60,6.62,0.00,12,
105/06/30,39001,256946,6.60,6.63,6.57,6.63,+0.01,24,
105/05/03,88222,623404,7.06,7.10,7.03,7.03,-0.05,24,
105/05/04,37000,258670,7.14,7.14,6.92,7.08,+0.05,14,
105/05/05,17281,121527,7.13,7.13,6.96,7.06,-0.02,12,
105/05/06,70001,489517,7.07,7.07,6.95,7.00,-0.06,28,
105/05/09,212666,1486905,6.99,7.00,6.99,6.99,-0.01,16,
105/05/10,79933,555651,6.83,7.02,6.83,6.85,-0.14,28,
105/05/11,96003,654608,6.86,6.94,6.76,6.77,-0.08,31,
105/05/12,13641,91124,6.70,6.75,6.61,6.73,-0.04,11,
105/05/13,21000,140170,6.70,6.75,6.65,6.65,-0.08,13,
105/05/16,114003,753158,6.60,6.62,6.52,6.61,-0.04,13,
105/05/17,17066,114590,6.64,6.77,6.64,6.77,+0.16,13,
105/05/18,138244,908780,6.65,6.72,6.50,6.65,-0.12,44,
105/05/19,25001,166136,6.63,6.67,6.62,6.67,+0.02,15,
105/05/20,6005,40303,6.74,6.78,6.67,6.78,+0.11,6,
105/05/23,22002,149612,6.78,6.83,6.78,6.81,+0.03,11,
105/05/24,25010,170887,6.93,6.93,6.75,6.88,+0.07,17,
105/05/25,23315,160637,6.91,6.94,6.78,6.90,+0.02,20,
105/05/26,89013,599567,6.81,6.81,6.70,6.72,-0.18,30,
105/05/27,86692,581836,6.72,6.79,6.67,6.67,-0.05,27,
105/05/30,35004,234955,6.71,6.79,6.70,6.79,+0.12,12,
105/05/31,76000,508320,6.79,6.79,6.66,6.69,-0.10,20,
105/04/01,6901,49403,7.17,7.17,7.16,7.17,-0.01,39,
105/04/06,29018,206466,7.07,7.18,7.07,7.08,-0.09,30,
105/04/07,21247,151259,7.15,7.15,7.08,7.08,0.00,25,
105/04/08,53307,378282,7.05,7.16,7.05,7.09,+0.01,20,
105/04/11,56157,402039,7.08,7.24,7.02,7.23,+0.14,38,
105/04/12,230526,1678287,7.23,7.37,7.15,7.29,+0.06,88,
105/04/13,119733,876495,7.33,7.39,7.21,7.30,+0.01,74,
105/04/14,472271,3547152,7.40,7.61,7.40,7.47,+0.17,171,
105/04/15,116732,869945,7.50,7.55,7.41,7.43,-0.04,56,
105/04/18,55003,405561,7.48,7.48,7.31,7.42,-0.01,28,
105/04/19,93001,686287,7.42,7.45,7.35,7.36,-0.06,25,
105/04/20,123222,908090,7.37,7.43,7.33,7.39,+0.03,48,
105/04/21,104000,772060,7.47,7.47,7.38,7.38,-0.01,37,
105/04/22,106002,788684,7.39,7.54,7.36,7.41,+0.03,43,
105/04/25,49024,361743,7.43,7.43,7.32,7.32,-0.09,21,
105/04/26,187001,1369177,7.32,7.36,7.28,7.30,-0.02,39,
105/04/27,113082,809329,7.28,7.28,7.07,7.25,-0.05,44,
105/04/28,31222,224295,7.20,7.21,7.15,7.18,-0.07,23,
105/04/29,67052,474584,7.06,7.10,7.06,7.08,-0.10,23,
105/03/01,123019,880463,7.23,7.23,7.10,7.15,-0.08,68,
105/03/02,67027,479259,7.19,7.23,7.12,7.13,-0.02,52,
105/03/03,251030,1820092,7.27,7.47,7.13,7.24,+0.11,118,
105/03/04,202027,1474550,7.28,7.34,7.26,7.30,+0.06,71,
105/03/07,397656,3033798,7.40,7.83,7.39,7.63,+0.33,232,
105/03/08,329907,2538749,7.75,7.90,7.56,7.69,+0.06,217,
105/03/09,239006,1785712,7.55,7.67,7.38,7.65,-0.04,119,
105/03/10,146866,1101891,7.45,7.69,7.41,7.48,-0.17,126,
105/03/11,103031,768899,7.49,7.57,7.40,7.40,-0.08,67,
105/03/14,149037,1109542,7.41,7.79,7.39,7.45,+0.05,102,
105/03/15,74107,539725,7.45,7.45,7.16,7.17,-0.28,72,
105/03/16,57052,414712,7.21,7.36,7.20,7.29,+0.12,56,
105/03/17,131496,948610,7.40,7.44,7.08,7.29,0.00,200,
105/03/18,99271,719557,7.35,7.35,7.16,7.17,-0.12,138,
105/03/21,62221,451757,7.29,7.37,7.20,7.33,+0.16,201,
105/03/22,71400,521746,7.33,7.37,7.21,7.27,-0.06,100,
105/03/23,95437,695718,7.36,7.36,7.26,7.26,-0.01,169,
105/03/24,88033,640664,7.30,7.31,7.20,7.31,+0.05,107,
105/03/25,65444,476018,7.37,7.37,7.21,7.28,-0.03,68,
105/03/28,87093,630451,7.27,7.33,7.20,7.21,-0.07,120,
105/03/29,72489,518827,7.25,7.25,7.13,7.13,-0.08,158,
105/03/30,55693,401829,7.20,7.33,7.16,7.28,+0.15,123,
105/03/31,25012,180094,7.25,7.27,7.17,7.18,-0.10,25,
105/02/01,30704,200607,6.41,6.58,6.41,6.52,-0.02,27,
105/02/02,9622,62871,6.56,6.56,6.46,6.55,+0.03,13,
105/02/03,71012,468573,6.40,6.69,6.40,6.69,+0.14,43,
105/02/15,68018,459559,6.84,6.84,6.70,6.78,+0.09,47,
105/02/16,117016,798666,6.78,6.90,6.75,6.80,+0.02,65,
105/02/17,14927,100374,6.76,6.76,6.70,6.73,-0.07,17,
105/02/18,58111,398510,6.73,6.95,6.73,6.81,+0.08,43,
105/02/19,33620,229914,6.91,6.91,6.77,6.77,-0.04,23,
105/02/22,60009,406084,6.70,6.87,6.70,6.72,-0.05,36,
105/02/23,567490,4100382,6.81,7.34,6.81,7.34,+0.62,213,
105/02/24,109030,787241,7.24,7.37,7.12,7.23,-0.11,95,
105/02/25,85488,619198,7.39,7.39,7.12,7.22,-0.01,66,
105/02/26,184244,1342873,7.30,7.48,7.20,7.23,+0.01,95,
105/01/04,16034,107629,6.76,6.76,6.65,6.70,-0.06,26,
105/01/05,20622,136743,6.71,6.71,6.62,6.62,-0.08,17,
105/01/06,71003,463948,6.62,6.62,6.45,6.48,-0.14,32,
105/01/07,53060,335680,6.45,6.48,6.21,6.25,-0.23,37,
105/01/08,54002,350112,6.66,6.66,6.32,6.42,+0.17,26,
105/01/11,23007,146812,6.40,6.40,6.30,6.36,-0.06,15,
105/01/12,3003,19298,6.48,6.48,6.32,6.32,-0.04,6,
105/01/13,15007,94633,6.44,6.44,6.25,6.38,+0.06,10,
105/01/14,25006,158896,6.34,6.39,6.27,6.38,0.00,17,
105/01/15,5008,32078,6.44,6.44,6.30,6.41,+0.03,12,
105/01/18,29844,186954,6.12,6.42,6.12,6.33,-0.08,24,
105/01/19,216002,1360902,6.33,6.33,6.30,6.30,-0.03,9,
105/01/20,18866,118764,6.39,6.39,6.26,6.35,+0.05,15,
105/01/21,16001,99546,6.24,6.26,6.20,6.26,-0.09,10,
105/01/22,22002,137772,6.21,6.27,6.21,6.26,0.00,9,
105/01/25,40002,251962,6.30,6.31,6.27,6.31,+0.05,17,
105/01/26,21004,130944,6.26,6.30,6.22,6.30,-0.01,12,
105/01/27,125767,811843,6.33,6.56,6.33,6.52,+0.22,53,
105/01/28,80000,515530,6.58,6.58,6.38,6.49,-0.03,22,
105/01/29,14064,90563,6.32,6.46,6.32,6.46,-0.03,19,
105/01/30,16004,103225,6.36,6.54,6.36,6.54,+0.08,10,
104/12/01,11010,74940,6.86,6.86,6.76,6.76,+0.06,20,
104/12/02,27014,181055,6.90,6.90,6.65,6.68,-0.08,31,
104/12/03,35017,235742,6.70,6.78,6.70,6.72,+0.04,35,
104/12/04,29015,194221,6.65,6.80,6.65,6.74,+0.02,31,
104/12/07,7017,47363,6.80,6.83,6.71,6.71,-0.03,23,
104/12/08,27011,183546,6.90,6.90,6.71,6.71,0.00,30,
104/12/09,18003,120088,6.81,6.81,6.60,6.62,-0.09,16,
104/12/10,3007,19675,6.46,6.71,6.46,6.71,+0.09,5,
104/12/11,30004,201194,6.80,6.80,6.62,6.67,-0.04,22,
104/12/14,10030,66842,6.60,6.70,6.60,6.69,+0.02,16,
104/12/15,12001,79016,6.62,6.69,6.55,6.69,0.00,7,
104/12/16,63001,416196,6.70,6.70,6.58,6.68,-0.01,32,
104/12/17,38003,255068,6.70,6.74,6.62,6.70,+0.02,21,
104/12/18,8004,53484,6.71,6.71,6.62,6.69,-0.01,10,
104/12/21,14192,94039,6.62,6.67,6.58,6.66,-0.03,38,
104/12/22,32006,213786,6.68,6.70,6.61,6.69,+0.03,19,
104/12/23,369002,2489992,6.68,6.88,6.65,6.85,+0.16,109,
104/12/24,163019,1119994,7.00,7.00,6.75,6.80,-0.05,84,
104/12/25,74111,506163,6.94,6.94,6.75,6.82,+0.02,34,
104/12/28,72026,482188,6.75,6.78,6.66,6.70,-0.12,54,
104/12/29,52622,350685,6.71,6.75,6.61,6.70,0.00,44,
104/12/30,7004,46754,6.65,6.74,6.65,6.74,+0.04,9,
104/12/31,28733,193993,6.77,6.77,6.71,6.76,+0.02,27,
104/11/02,51002,368654,7.33,7.39,7.18,7.26,-0.07,25,
104/11/03,46964,343580,7.27,7.38,7.24,7.24,-0.02,28,
104/11/04,117047,845797,7.22,7.30,7.18,7.27,+0.03,54,
104/11/05,9281,67373,7.30,7.30,7.21,7.24,-0.03,7,
104/11/06,59775,433181,7.30,7.33,7.20,7.20,-0.04,36,
104/11/09,41320,294641,7.16,7.16,7.12,7.12,-0.08,32,
104/11/10,16002,115124,7.08,7.25,7.08,7.25,+0.13,16,
104/11/11,38007,271609,7.26,7.26,7.10,7.18,-0.07,25,
104/11/12,69002,501544,7.17,7.40,7.17,7.30,+0.12,36,
104/11/13,57530,412623,7.30,7.30,7.11,7.11,-0.19,42,
104/11/16,8000,57020,7.16,7.16,7.05,7.13,+0.02,5,
104/11/17,35000,252160,7.28,7.30,7.16,7.20,+0.07,16,
104/11/18,22001,157237,7.13,7.15,7.13,7.13,-0.07,12,
104/11/19,42000,299340,7.13,7.20,7.08,7.15,+0.02,26,
104/11/20,282012,1921064,7.11,7.11,6.70,6.80,-0.35,116,
104/11/23,59893,404900,6.83,6.92,6.72,6.72,-0.08,52,
104/11/24,63165,421323,6.70,6.70,6.65,6.65,-0.07,31,
104/11/25,28157,186442,6.65,6.65,6.60,6.62,-0.03,21,
104/11/26,31205,211672,6.70,6.85,6.70,6.75,+0.13,25,
104/11/27,37004,250384,6.98,6.98,6.70,6.75,0.00,23,
104/11/30,19014,128524,6.66,6.85,6.66,6.70,-0.05,27,
104/10/01,587000,3911510,6.82,6.82,6.50,6.75,-0.15,210,
104/10/02,133000,890020,6.74,6.80,6.63,6.73,-0.02,47,
104/10/05,74520,505865,6.77,6.82,6.74,6.80,+0.07,49,
104/10/06,101755,702589,6.90,6.95,6.87,6.89,+0.09,43,
104/10/07,61001,425027,6.91,7.02,6.91,6.99,+0.10,22,
104/10/08,110011,775077,7.03,7.13,7.01,7.02,+0.03,37,
104/10/12,65001,466717,7.02,7.29,7.02,7.18,+0.16,24,
104/10/13,301245,2238063,7.08,7.72,7.08,7.61,+0.43,118,
104/10/14,222002,1669674,7.50,7.70,7.42,7.56,-0.05,101,
104/10/15,119733,895073,7.60,7.60,7.42,7.54,-0.02,58,
104/10/16,126001,940817,7.55,7.59,7.40,7.49,-0.05,45,
104/10/19,67338,501858,7.49,7.58,7.40,7.49,0.00,39,
104/10/20,38001,284167,7.52,7.56,7.41,7.47,-0.02,22,
104/10/21,124082,909628,7.47,7.48,7.10,7.39,-0.08,54,
104/10/22,61320,452417,7.39,7.47,7.30,7.45,+0.06,34,
104/10/23,111000,824050,7.49,7.54,7.36,7.43,-0.02,43,
104/10/26,41002,301874,7.43,7.49,7.26,7.35,-0.08,25,
104/10/27,35559,259969,7.39,7.39,7.28,7.34,-0.01,26,
104/10/28,32000,234950,7.37,7.39,7.27,7.38,+0.04,19,
104/10/29,77640,565260,7.28,7.39,7.20,7.31,-0.07,45,
104/10/30,59166,426751,7.17,7.33,7.17,7.33,+0.02,32,
104/09/01,436003,3286081,7.50,7.68,7.45,7.66,+0.13,122,
104/09/02,197003,1495331,7.41,7.69,7.41,7.64,-0.02,80,
104/09/03,564003,4238851,7.37,7.64,7.37,7.50,-0.14,110,
104/09/04,435102,3265450,7.50,7.58,7.45,7.45,-0.05,60,
104/09/07,764357,5721033,7.33,7.56,7.31,7.52,+0.07,71,
104/09/08,603088,4563828,7.52,7.60,7.52,7.56,+0.04,70,
104/09/09,739419,5605017,7.58,7.63,7.46,7.60,+0.04,92,
104/09/10,265000,2015140,7.40,7.64,7.40,7.64,+0.04,39,
104/09/11,420622,3217208,7.74,7.74,7.52,7.70,+0.06,80,
104/09/14,548000,4255100,7.70,7.85,7.70,7.84,+0.14,85,
104/09/15,463015,3636890,7.84,7.90,7.71,7.90,+0.06,98,
104/09/16,946622,7552972,7.90,8.00,7.86,7.99,+0.09,108,
104/09/17,186333,1444286,8.00,8.00,7.57,7.74,-0.25,76,
104/09/18,83666,638670,7.68,7.70,7.60,7.69,-0.05,32,
104/09/21,139283,1041123,7.55,7.55,7.40,7.40,-0.29,50,
104/09/22,76001,562148,7.40,7.47,7.36,7.40,0.00,30,
104/09/23,56024,413903,7.42,7.46,7.36,7.36,-0.04,35,
104/09/24,95024,694916,7.37,7.37,7.21,7.21,-0.15,23,
104/09/25,73000,522510,7.28,7.28,7.11,7.14,-0.07,17,
104/09/30,211000,1439120,7.01,7.04,6.70,6.90,-0.24,74,
104/08/03,125001,828416,6.62,6.69,6.60,6.61,-0.12,38,
104/08/04,211003,1389548,6.61,6.68,6.52,6.53,-0.08,70,
104/08/05,66244,428992,6.50,6.62,6.45,6.49,-0.04,38,
104/08/06,69004,451445,6.52,6.60,6.49,6.60,+0.11,21,
104/08/07,57704,381772,6.50,6.67,6.50,6.66,+0.06,40,
104/08/10,74125,494113,6.63,6.75,6.52,6.63,-0.03,43,
104/08/11,112001,751686,6.75,6.75,6.65,6.66,+0.03,39,
104/08/12,8015,53456,6.66,6.74,6.66,6.66,0.00,11,
104/08/13,76198,503636,6.75,6.75,6.52,6.67,+0.01,27,
104/08/14,21444,142700,6.58,6.69,6.58,6.69,+0.02,14,
104/08/17,137000,918770,6.69,6.75,6.64,6.70,+0.01,33,
104/08/18,64296,428777,6.73,6.73,6.61,6.68,-0.02,28,
104/08/19,197003,1295188,6.61,6.70,6.40,6.40,-0.28,68,
104/08/20,83208,539939,6.41,6.54,6.41,6.46,+0.06,33,
104/08/21,300000,1951600,6.40,6.55,6.40,6.55,+0.09,80,
104/08/24,692001,4554986,6.80,6.80,6.48,6.68,+0.13,182,
104/08/25,288186,1914895,6.58,6.79,6.58,6.68,0.00,99,
104/08/26,163021,1092930,6.65,6.75,6.63,6.70,+0.02,53,
104/08/27,221466,1496790,6.67,6.85,6.67,6.76,+0.06,72,
104/08/28,851002,6084624,6.99,7.40,6.93,7.38,+0.62,260,
104/08/31,652004,4844178,7.39,7.56,7.30,7.53,+0.15,187,
104/07/01,84064,706757,8.42,8.43,8.37,8.42,+0.02,33,
104/07/02,109000,914890,8.44,8.44,8.36,8.41,-0.01,42,
104/07/03,363005,3060511,8.47,8.47,8.40,8.42,+0.01,110,
104/07/06,1066136,9130299,8.41,8.90,8.41,8.50,+0.08,333,
104/07/07,390000,3328160,8.59,8.80,8.42,8.55,+0.05,165,
104/07/08,915000,7706210,8.56,8.57,8.27,8.50,-0.05,314,
104/07/09,1009571,7284299,7.50,7.50,7.14,7.20,X0.00,267,
104/07/13,276008,1978246,7.20,7.21,7.10,7.16,-0.04,100,
104/07/14,226281,1623660,7.16,7.23,7.13,7.15,-0.01,75,
104/07/15,123704,879403,7.16,7.21,7.08,7.09,-0.06,37,
104/07/16,316817,2231614,7.08,7.13,6.98,7.13,+0.04,92,
104/07/17,347277,2432494,7.13,7.15,6.95,6.96,-0.17,73,
104/07/20,590001,4022546,6.96,6.96,6.75,6.79,-0.17,160,
104/07/21,321001,2177156,6.76,6.85,6.71,6.83,+0.04,88,
104/07/22,194222,1301356,6.76,6.82,6.61,6.64,-0.19,61,
104/07/23,239015,1599381,6.64,6.82,6.59,6.82,+0.18,97,
104/07/24,55000,368910,6.70,6.81,6.65,6.72,-0.10,17,
104/07/27,333004,2213385,6.71,6.72,6.54,6.70,-0.02,77,
104/07/28,146000,970910,6.73,6.75,6.60,6.62,-0.08,45,
104/07/29,36704,244411,6.63,6.70,6.63,6.63,+0.01,25,
104/07/30,40003,267568,6.66,6.73,6.63,6.65,+0.02,24,
104/07/31,138001,923826,6.66,6.73,6.66,6.73,+0.08,38,
104/06/01,114000,1017420,9.00,9.00,8.90,8.90,-0.02,55,
104/06/02,179005,1595710,8.90,8.97,8.86,8.86,-0.04,72,
104/06/03,196320,1733437,8.90,8.90,8.78,8.78,-0.08,83,
104/06/04,243003,2118915,8.76,8.81,8.66,8.68,-0.10,114,
104/06/05,108003,933444,8.73,8.73,8.60,8.61,-0.07,65,
104/06/08,90000,771660,8.56,8.64,8.55,8.58,-0.03,42,
104/06/09,342001,2886978,8.53,8.75,8.25,8.25,-0.33,119,
104/06/10,176002,1460786,8.30,8.34,8.27,8.30,+0.05,65,
104/06/11,291100,2409766,8.30,8.32,8.22,8.22,-0.08,84,
104/06/12,157000,1288040,8.30,8.30,8.14,8.22,0.00,55,
104/06/15,215001,1762728,8.24,8.25,8.16,8.19,-0.03,61,
104/06/16,210150,1698845,8.14,8.14,8.03,8.07,-0.12,84,
104/06/17,131000,1062910,8.05,8.18,8.05,8.08,+0.01,59,
104/06/18,281037,2268471,8.10,8.16,8.04,8.15,+0.07,91,
104/06/22,133128,1086896,8.20,8.20,8.15,8.16,+0.01,59,
104/06/23,202283,1666410,8.20,8.28,8.20,8.21,+0.05,71,
104/06/24,392361,3283682,8.29,8.46,8.27,8.41,+0.20,145,
104/06/25,242000,2042340,8.42,8.47,8.41,8.44,+0.03,99,
104/06/26,73433,618219,8.44,8.47,8.39,8.43,-0.01,42,
104/06/29,258000,2156460,8.46,8.46,8.30,8.41,-0.02,95,
104/06/30,121001,1011318,8.36,8.44,8.32,8.40,-0.01,37,
104/05/04,375318,3698982,9.90,9.95,9.78,9.80,+0.03,123,
104/05/05,212504,2082040,9.78,9.86,9.72,9.74,-0.06,94,
104/05/06,432321,4241963,9.79,9.89,9.68,9.82,+0.08,198,
104/05/07,213622,2095346,9.93,9.93,9.77,9.77,-0.05,101,
104/05/08,372285,3598744,9.82,9.82,9.57,9.58,-0.19,155,
104/05/11,384006,3641314,9.59,9.64,9.36,9.42,-0.16,139,
104/05/12,202114,1899416,9.43,9.51,9.32,9.32,-0.10,111,
104/05/13,232458,2181327,9.39,9.45,9.31,9.40,+0.08,98,
104/05/14,176244,1643008,9.36,9.39,9.27,9.30,-0.10,108,
104/05/15,129444,1198377,9.27,9.35,9.22,9.22,-0.08,94,
104/05/18,103439,954348,9.21,9.27,9.21,9.21,-0.01,108,
104/05/19,220528,2030814,9.21,9.24,9.19,9.19,-0.02,116,
104/05/20,139021,1277532,9.20,9.23,9.17,9.18,-0.01,57,
104/05/21,259681,2364243,9.27,9.27,9.08,9.08,-0.10,101,
104/05/22,116069,1053807,9.08,9.12,9.05,9.05,-0.03,59,
104/05/25,321005,2864241,9.01,9.01,8.86,8.88,-0.17,139,
104/05/26,208574,1864014,8.95,8.99,8.90,8.91,+0.03,74,
104/05/27,295001,2638448,8.90,8.98,8.90,8.92,+0.01,83,
104/05/28,156832,1404277,8.94,9.00,8.92,8.92,0.00,67,
104/05/29,81345,727026,8.98,8.98,8.92,8.92,0.00,33,
104/04/01,310868,3033446,9.77,9.80,9.70,9.70,-0.07,134,
104/04/02,305603,2971129,9.70,9.75,9.67,9.74,+0.04,138,
104/04/07,224044,2176172,9.74,9.75,9.68,9.74,0.00,141,
104/04/08,126022,1226568,9.74,9.75,9.71,9.74,0.00,69,
104/04/09,283037,2761585,9.76,9.79,9.72,9.77,+0.03,101,
104/04/10,938447,9263905,9.79,9.94,9.78,9.83,+0.06,336,
104/04/13,286862,2811179,9.85,9.90,9.72,9.82,-0.01,164,
104/04/14,312008,3063172,9.81,9.87,9.76,9.84,+0.02,143,
104/04/15,254317,2494599,9.83,9.84,9.78,9.83,-0.01,121,
104/04/16,214025,2101506,9.83,9.86,9.79,9.79,-0.04,101,
104/04/17,250504,2459562,9.80,9.84,9.78,9.83,+0.04,133,
104/04/20,291244,2856139,9.83,9.89,9.74,9.74,-0.09,134,
104/04/21,358318,3474884,9.74,9.83,9.65,9.66,-0.08,159,
104/04/22,227093,2178680,9.60,9.65,9.56,9.56,-0.10,92,
104/04/23,222311,2137504,9.56,9.68,9.56,9.60,+0.04,91,
104/04/24,303601,2917428,9.68,9.70,9.56,9.57,-0.03,113,
104/04/27,224058,2164866,9.75,9.76,9.60,9.67,+0.10,101,
104/04/28,272984,2631614,9.45,9.75,9.45,9.66,-0.01,109,
104/04/29,172870,1678185,9.67,9.73,9.65,9.68,+0.02,103,
104/04/30,354001,3470729,9.75,9.86,9.70,9.77,+0.09,146,
104/03/02,190088,1718032,9.08,9.08,8.94,9.04,-0.04,97,
104/03/03,101074,904268,9.04,9.04,8.92,8.94,-0.10,59,
104/03/04,90616,814312,9.06,9.06,8.95,8.97,+0.03,53,
104/03/05,150032,1346880,8.98,9.00,8.96,8.97,0.00,63,
104/03/06,72128,647518,8.97,9.00,8.97,8.99,+0.02,58,
104/03/09,40032,357658,8.97,9.00,8.91,8.92,-0.07,55,
104/03/10,171161,1524518,8.90,8.98,8.84,8.87,-0.05,101,
104/03/11,140320,1244976,8.88,8.91,8.85,8.85,-0.02,91,
104/03/12,98023,876055,8.98,8.98,8.87,8.90,+0.05,56,
104/03/13,314779,2848458,8.97,9.15,8.95,9.03,+0.13,146,
104/03/16,186100,1681560,9.03,9.07,8.97,9.02,-0.01,94,
104/03/17,5333128,51142120,9.65,9.65,9.36,9.41,+0.39,1286,
104/03/18,4168256,40132726,9.34,9.75,9.34,9.72,+0.31,1307,
104/03/19,1509818,14697554,9.80,9.84,9.66,9.70,-0.02,574,
104/03/20,988274,9636657,9.71,9.81,9.71,9.73,+0.03,454,
104/03/23,613243,5990236,9.84,9.85,9.72,9.72,-0.01,373,
104/03/24,502078,4865119,9.80,9.80,9.65,9.67,-0.05,277,
104/03/25,422666,4079795,9.70,9.71,9.60,9.61,-0.06,241,
104/03/26,455100,4386984,9.60,9.71,9.55,9.71,+0.10,234,
104/03/27,460111,4478413,9.72,9.77,9.70,9.77,+0.06,253,
104/03/30,511197,4994842,9.80,9.83,9.72,9.74,-0.03,294,
104/03/31,572697,5603021,9.80,9.82,9.74,9.77,+0.03,326,
104/02/02,170384,1533468,9.05,9.05,8.92,9.05,0.00,70,
104/02/03,256930,2306683,9.05,9.05,8.95,8.98,-0.07,96,
104/02/04,195968,1760542,9.00,9.00,8.95,8.96,-0.02,60,
104/02/05,54866,492503,8.98,9.04,8.95,8.96,0.00,37,
104/02/06,78012,698686,8.97,8.99,8.92,8.95,-0.01,55,
104/02/09,105012,940448,8.95,8.97,8.92,8.95,0.00,54,
104/02/10,124043,1110194,9.00,9.00,8.92,8.94,-0.01,82,
104/02/11,259680,2305795,8.90,8.90,8.86,8.87,-0.07,133,
104/02/12,113244,1001073,8.87,8.88,8.82,8.82,-0.05,47,
104/02/13,132007,1168859,8.84,8.88,8.83,8.85,+0.03,44,
104/02/24,72067,637237,8.90,8.90,8.82,8.83,-0.02,43,
104/02/25,248335,2197566,8.83,8.90,8.80,8.90,+0.07,99,
104/02/26,186975,1678085,8.91,9.08,8.83,9.08,+0.18,66,
104/01/05,219396,2035082,9.30,9.38,9.24,9.26,-0.04,77,
104/01/06,396064,3609926,9.19,9.19,9.05,9.06,-0.20,149,
104/01/07,288003,2626037,9.05,9.18,9.02,9.11,+0.05,111,
104/01/08,308485,2825332,9.22,9.22,9.11,9.15,+0.04,111,
104/01/09,461480,4185860,9.25,9.25,9.00,9.09,-0.06,138,
104/01/12,155005,1405625,9.10,9.12,9.00,9.08,-0.01,74,
104/01/13,276502,2528538,9.08,9.24,9.08,9.09,+0.01,126,
104/01/14,211114,1922319,9.09,9.19,9.03,9.09,0.00,104,
104/01/15,536567,4843843,9.09,9.15,8.98,9.05,-0.04,162,
104/01/16,198222,1779187,9.05,9.05,8.92,8.92,-0.13,85,
104/01/19,347202,3101014,9.06,9.06,8.86,8.86,-0.06,103,
104/01/20,163070,1465310,8.93,9.05,8.93,9.05,+0.19,69,
104/01/21,180491,1613369,9.00,9.04,8.90,8.93,-0.12,71,
104/01/22,250008,2251395,9.00,9.03,8.97,8.97,+0.04,87,
104/01/23,331315,2997407,9.14,9.14,9.00,9.06,+0.09,83,
104/01/26,186316,1683792,9.06,9.09,9.00,9.00,-0.06,68,
104/01/27,154191,1392039,9.06,9.08,9.01,9.02,+0.02,59,
104/01/28,111003,1000387,8.99,9.05,8.92,9.00,-0.02,63,
104/01/29,438866,3936426,9.01,9.05,8.94,8.96,-0.04,66,
104/01/30,129186,1164844,9.00,9.05,8.99,9.05,+0.09,56,
