107/03/14,107/03/26,107/03/27,107/03/28,107/03/29,107/03/30,107/03/31
107/03/13,107/03/23,107/03/26,107/03/27,107/03/28,107/03/29,107/03/30
107/03/12,107/03/22,107/03/23,107/03/26,107/03/27,107/03/28,107/03/29
107/03/09,107/03/21,107/03/22,107/03/23,107/03/26,107/03/27,107/03/28
107/03/08,107/03/20,107/03/21,107/03/22,107/03/23,107/03/26,107/03/27
107/03/07,107/03/19,107/03/20,107/03/21,107/03/22,107/03/23,107/03/26
107/03/06,107/03/16,107/03/19,107/03/20,107/03/21,107/03/22,107/03/23
107/03/05,107/03/15,107/03/16,107/03/19,107/03/20,107/03/21,107/03/22
107/03/02,107/03/14,107/03/15,107/03/16,107/03/19,107/03/20,107/03/21
107/03/01,107/03/13,107/03/14,107/03/15,107/03/16,107/03/19,107/03/20
107/02/27,107/03/12,107/03/13,107/03/14,107/03/15,107/03/16,107/03/19
107/02/26,107/03/09,107/03/12,107/03/13,107/03/14,107/03/15,107/03/16
107/02/23,107/03/08,107/03/09,107/03/12,107/03/13,107/03/14,107/03/15
107/02/22,107/03/07,107/03/08,107/03/09,107/03/12,107/03/13,107/03/14
107/02/21,107/03/06,107/03/07,107/03/08,107/03/09,107/03/12,107/03/13
107/02/12,107/03/05,107/03/06,107/03/07,107/03/08,107/03/09,107/03/12
107/02/09,107/03/02,107/03/05,107/03/06,107/03/07,107/03/08,107/03/09
107/02/08,107/03/01,107/03/02,107/03/05,107/03/06,107/03/07,107/03/08
107/02/07,107/02/27,107/03/01,107/03/02,107/03/05,107/03/06,107/03/07
107/02/06,107/02/26,107/02/27,107/03/01,107/03/02,107/03/05,107/03/06
107/02/05,107/02/23,107/02/26,107/02/27,107/03/01,107/03/02,107/03/05
107/02/02,107/02/22,107/02/23,107/02/26,107/02/27,107/03/01,107/03/02
107/02/01,107/02/21,107/02/22,107/02/23,107/02/26,107/02/27,107/03/01
107/01/31,107/02/12,107/02/21,107/02/22,107/02/23,107/02/26,107/02/27
107/01/30,107/02/09,107/02/12,107/02/21,107/02/22,107/02/23,107/02/26
107/01/29,107/02/08,107/02/09,107/02/12,107/02/21,107/02/22,107/02/23
107/01/26,107/02/07,107/02/08,107/02/09,107/02/12,107/02/21,107/02/22
107/01/25,107/02/06,107/02/07,107/02/08,107/02/09,107/02/12,107/02/21
107/01/24,107/02/05,107/02/06,107/02/07,107/02/08,107/02/09,107/02/12
107/01/23,107/02/02,107/02/05,107/02/06,107/02/07,107/02/08,107/02/09
107/01/22,107/02/01,107/02/02,107/02/05,107/02/06,107/02/07,107/02/08
107/01/19,107/01/31,107/02/01,107/02/02,107/02/05,107/02/06,107/02/07
107/01/18,107/01/30,107/01/31,107/02/01,107/02/02,107/02/05,107/02/06
107/01/17,107/01/29,107/01/30,107/01/31,107/02/01,107/02/02,107/02/05
107/01/16,107/01/26,107/01/29,107/01/30,107/01/31,107/02/01,107/02/02
107/01/15,107/01/25,107/01/26,107/01/29,107/01/30,107/01/31,107/02/01
107/01/12,107/01/24,107/01/25,107/01/26,107/01/29,107/01/30,107/01/31
107/01/11,107/01/23,107/01/24,107/01/25,107/01/26,107/01/29,107/01/30
107/01/10,107/01/22,107/01/23,107/01/24,107/01/25,107/01/26,107/01/29
107/01/09,107/01/19,107/01/22,107/01/23,107/01/24,107/01/25,107/01/26
107/01/08,107/01/18,107/01/19,107/01/22,107/01/23,107/01/24,107/01/25
107/01/05,107/01/17,107/01/18,107/01/19,107/01/22,107/01/23,107/01/24
107/01/04,107/01/16,107/01/17,107/01/18,107/01/19,107/01/22,107/01/23
107/01/03,107/01/15,107/01/16,107/01/17,107/01/18,107/01/19,107/01/22
107/01/02,107/01/12,107/01/15,107/01/16,107/01/17,107/01/18,107/01/19
106/12/29,107/01/11,107/01/12,107/01/15,107/01/16,107/01/17,107/01/18
106/12/29,107/01/10,107/01/11,107/01/12,107/01/15,107/01/16,107/01/17
106/12/28,107/01/09,107/01/10,107/01/11,107/01/12,107/01/15,107/01/16
106/12/28,107/01/08,107/01/09,107/01/10,107/01/11,107/01/12,107/01/15
106/12/27,107/01/05,107/01/08,107/01/09,107/01/10,107/01/11,107/01/12
106/12/27,107/01/04,107/01/05,107/01/08,107/01/09,107/01/10,107/01/11
106/12/26,107/01/03,107/01/04,107/01/05,107/01/08,107/01/09,107/01/10
106/12/26,107/01/02,107/01/03,107/01/04,107/01/05,107/01/08,107/01/09
106/12/25,106/12/29,107/01/02,107/01/03,107/01/04,107/01/05,107/01/08
106/12/25,106/12/29,106/12/29,107/01/02,107/01/03,107/01/04,107/01/05
106/12/22,106/12/28,106/12/29,106/12/29,107/01/02,107/01/03,107/01/04
106/12/22,106/12/28,106/12/28,106/12/29,106/12/29,107/01/02,107/01/03
106/12/21,106/12/27,106/12/28,106/12/28,106/12/29,106/12/29,107/01/02
106/12/21,106/12/27,106/12/27,106/12/28,106/12/28,106/12/29,106/12/29
106/12/20,106/12/26,106/12/27,106/12/27,106/12/28,106/12/28,106/12/29
106/12/20,106/12/26,106/12/26,106/12/27,106/12/27,106/12/28,106/12/28
106/12/19,106/12/25,106/12/26,106/12/26,106/12/27,106/12/27,106/12/28
106/12/19,106/12/25,106/12/25,106/12/26,106/12/26,106/12/27,106/12/27
106/12/18,106/12/22,106/12/25,106/12/25,106/12/26,106/12/26,106/12/27
106/12/18,106/12/22,106/12/22,106/12/25,106/12/25,106/12/26,106/12/26
106/12/15,106/12/21,106/12/22,106/12/22,106/12/25,106/12/25,106/12/26
106/12/15,106/12/21,106/12/21,106/12/22,106/12/22,106/12/25,106/12/25
106/12/14,106/12/20,106/12/21,106/12/21,106/12/22,106/12/22,106/12/25
106/12/14,106/12/20,106/12/20,106/12/21,106/12/21,106/12/22,106/12/22
106/12/13,106/12/19,106/12/20,106/12/20,106/12/21,106/12/21,106/12/22
106/12/13,106/12/19,106/12/19,106/12/20,106/12/20,106/12/21,106/12/21
106/12/12,106/12/18,106/12/19,106/12/19,106/12/20,106/12/20,106/12/21
106/12/12,106/12/18,106/12/18,106/12/19,106/12/19,106/12/20,106/12/20
106/12/11,106/12/15,106/12/18,106/12/18,106/12/19,106/12/19,106/12/20
106/12/11,106/12/15,106/12/15,106/12/18,106/12/18,106/12/19,106/12/19
106/12/08,106/12/14,106/12/15,106/12/15,106/12/18,106/12/18,106/12/19
106/12/08,106/12/14,106/12/14,106/12/15,106/12/15,106/12/18,106/12/18
106/12/07,106/12/13,106/12/14,106/12/14,106/12/15,106/12/15,106/12/18
106/12/07,106/12/13,106/12/13,106/12/14,106/12/14,106/12/15,106/12/15
106/12/06,106/12/12,106/12/13,106/12/13,106/12/14,106/12/14,106/12/15
106/12/06,106/12/12,106/12/12,106/12/13,106/12/13,106/12/14,106/12/14
106/12/05,106/12/11,106/12/12,106/12/12,106/12/13,106/12/13,106/12/14
106/12/05,106/12/11,106/12/11,106/12/12,106/12/12,106/12/13,106/12/13
106/12/04,106/12/08,106/12/11,106/12/11,106/12/12,106/12/12,106/12/13
106/12/04,106/12/08,106/12/08,106/12/11,106/12/11,106/12/12,106/12/12
106/12/01,106/12/07,106/12/08,106/12/08,106/12/11,106/12/11,106/12/12
106/12/01,106/12/07,106/12/07,106/12/08,106/12/08,106/12/11,106/12/11
106/11/30,106/12/06,106/12/07,106/12/07,106/12/08,106/12/08,106/12/11
106/11/30,106/12/06,106/12/06,106/12/07,106/12/07,106/12/08,106/12/08
106/11/29,106/12/05,106/12/06,106/12/06,106/12/07,106/12/07,106/12/08
106/11/29,106/12/05,106/12/05,106/12/06,106/12/06,106/12/07,106/12/07
106/11/28,106/12/04,106/12/05,106/12/05,106/12/06,106/12/06,106/12/07
106/11/28,106/12/04,106/12/04,106/12/05,106/12/05,106/12/06,106/12/06
106/11/27,106/12/01,106/12/04,106/12/04,106/12/05,106/12/05,106/12/06
106/11/27,106/12/01,106/12/01,106/12/04,106/12/04,106/12/05,106/12/05
106/11/24,106/11/30,106/12/01,106/12/01,106/12/04,106/12/04,106/12/05
106/11/24,106/11/30,106/11/30,106/12/01,106/12/01,106/12/04,106/12/04
106/11/23,106/11/29,106/11/30,106/11/30,106/12/01,106/12/01,106/12/04
106/11/23,106/11/29,106/11/29,106/11/30,106/11/30,106/12/01,106/12/01
106/11/22,106/11/28,106/11/29,106/11/29,106/11/30,106/11/30,106/12/01
106/11/22,106/11/28,106/11/28,106/11/29,106/11/29,106/11/30,106/11/30
106/11/21,106/11/27,106/11/28,106/11/28,106/11/29,106/11/29,106/11/30
106/11/21,106/11/27,106/11/27,106/11/28,106/11/28,106/11/29,106/11/29
106/11/20,106/11/24,106/11/27,106/11/27,106/11/28,106/11/28,106/11/29
106/11/20,106/11/24,106/11/24,106/11/27,106/11/27,106/11/28,106/11/28
106/11/17,106/11/23,106/11/24,106/11/24,106/11/27,106/11/27,106/11/28
106/11/17,106/11/23,106/11/23,106/11/24,106/11/24,106/11/27,106/11/27
106/11/16,106/11/22,106/11/23,106/11/23,106/11/24,106/11/24,106/11/27
106/11/16,106/11/22,106/11/22,106/11/23,106/11/23,106/11/24,106/11/24
106/11/15,106/11/21,106/11/22,106/11/22,106/11/23,106/11/23,106/11/24
106/11/15,106/11/21,106/11/21,106/11/22,106/11/22,106/11/23,106/11/23
106/11/14,106/11/20,106/11/21,106/11/21,106/11/22,106/11/22,106/11/23
106/11/14,106/11/20,106/11/20,106/11/21,106/11/21,106/11/22,106/11/22
106/11/13,106/11/17,106/11/20,106/11/20,106/11/21,106/11/21,106/11/22
106/11/13,106/11/17,106/11/17,106/11/20,106/11/20,106/11/21,106/11/21
106/11/10,106/11/16,106/11/17,106/11/17,106/11/20,106/11/20,106/11/21
106/11/10,106/11/16,106/11/16,106/11/17,106/11/17,106/11/20,106/11/20
106/11/09,106/11/15,106/11/16,106/11/16,106/11/17,106/11/17,106/11/20
106/11/09,106/11/15,106/11/15,106/11/16,106/11/16,106/11/17,106/11/17
106/11/08,106/11/14,106/11/15,106/11/15,106/11/16,106/11/16,106/11/17
106/11/08,106/11/14,106/11/14,106/11/15,106/11/15,106/11/16,106/11/16
106/11/07,106/11/13,106/11/14,106/11/14,106/11/15,106/11/15,106/11/16
106/11/07,106/11/13,106/11/13,106/11/14,106/11/14,106/11/15,106/11/15
106/11/06,106/11/10,106/11/13,106/11/13,106/11/14,106/11/14,106/11/15
106/11/06,106/11/10,106/11/10,106/11/13,106/11/13,106/11/14,106/11/14
106/11/03,106/11/09,106/11/10,106/11/10,106/11/13,106/11/13,106/11/14
106/11/03,106/11/09,106/11/09,106/11/10,106/11/10,106/11/13,106/11/13
106/11/02,106/11/08,106/11/09,106/11/09,106/11/10,106/11/10,106/11/13
106/11/02,106/11/08,106/11/08,106/11/09,106/11/09,106/11/10,106/11/10
106/11/01,106/11/07,106/11/08,106/11/08,106/11/09,106/11/09,106/11/10
106/11/01,106/11/07,106/11/07,106/11/08,106/11/08,106/11/09,106/11/09
106/10/31,106/11/06,106/11/07,106/11/07,106/11/08,106/11/08,106/11/09
106/10/31,106/11/06,106/11/06,106/11/07,106/11/07,106/11/08,106/11/08
106/10/30,106/11/03,106/11/06,106/11/06,106/11/07,106/11/07,106/11/08
106/10/30,106/11/03,106/11/03,106/11/06,106/11/06,106/11/07,106/11/07
106/10/27,106/11/02,106/11/03,106/11/03,106/11/06,106/11/06,106/11/07
106/10/27,106/11/02,106/11/02,106/11/03,106/11/03,106/11/06,106/11/06
106/10/26,106/11/01,106/11/02,106/11/02,106/11/03,106/11/03,106/11/06
106/10/26,106/11/01,106/11/01,106/11/02,106/11/02,106/11/03,106/11/03
106/10/25,106/10/31,106/11/01,106/11/01,106/11/02,106/11/02,106/11/03
106/10/25,106/10/31,106/10/31,106/11/01,106/11/01,106/11/02,106/11/02
106/10/24,106/10/30,106/10/31,106/10/31,106/11/01,106/11/01,106/11/02
106/10/24,106/10/30,106/10/30,106/10/31,106/10/31,106/11/01,106/11/01
106/10/23,106/10/27,106/10/30,106/10/30,106/10/31,106/10/31,106/11/01
106/10/23,106/10/27,106/10/27,106/10/30,106/10/30,106/10/31,106/10/31
106/10/20,106/10/26,106/10/27,106/10/27,106/10/30,106/10/30,106/10/31
106/10/20,106/10/26,106/10/26,106/10/27,106/10/27,106/10/30,106/10/30
106/10/19,106/10/25,106/10/26,106/10/26,106/10/27,106/10/27,106/10/30
106/10/19,106/10/25,106/10/25,106/10/26,106/10/26,106/10/27,106/10/27
106/10/18,106/10/24,106/10/25,106/10/25,106/10/26,106/10/26,106/10/27
106/10/18,106/10/24,106/10/24,106/10/25,106/10/25,106/10/26,106/10/26
106/10/17,106/10/23,106/10/24,106/10/24,106/10/25,106/10/25,106/10/26
106/10/17,106/10/23,106/10/23,106/10/24,106/10/24,106/10/25,106/10/25
106/10/16,106/10/20,106/10/23,106/10/23,106/10/24,106/10/24,106/10/25
106/10/16,106/10/20,106/10/20,106/10/23,106/10/23,106/10/24,106/10/24
106/10/13,106/10/19,106/10/20,106/10/20,106/10/23,106/10/23,106/10/24
106/10/13,106/10/19,106/10/19,106/10/20,106/10/20,106/10/23,106/10/23
106/10/12,106/10/18,106/10/19,106/10/19,106/10/20,106/10/20,106/10/23
106/10/12,106/10/18,106/10/18,106/10/19,106/10/19,106/10/20,106/10/20
106/10/11,106/10/17,106/10/18,106/10/18,106/10/19,106/10/19,106/10/20
106/10/11,106/10/17,106/10/17,106/10/18,106/10/18,106/10/19,106/10/19
106/10/06,106/10/16,106/10/17,106/10/17,106/10/18,106/10/18,106/10/19
106/10/06,106/10/16,106/10/16,106/10/17,106/10/17,106/10/18,106/10/18
106/10/05,106/10/13,106/10/16,106/10/16,106/10/17,106/10/17,106/10/18
106/10/05,106/10/13,106/10/13,106/10/16,106/10/16,106/10/17,106/10/17
106/10/03,106/10/12,106/10/13,106/10/13,106/10/16,106/10/16,106/10/17
106/10/03,106/10/12,106/10/12,106/10/13,106/10/13,106/10/16,106/10/16
106/10/02,106/10/11,106/10/12,106/10/12,106/10/13,106/10/13,106/10/16
106/10/02,106/10/11,106/10/11,106/10/12,106/10/12,106/10/13,106/10/13
106/09/30,106/10/06,106/10/11,106/10/11,106/10/12,106/10/12,106/10/13
106/09/30,106/10/06,106/10/06,106/10/11,106/10/11,106/10/12,106/10/12
106/09/29,106/10/05,106/10/06,106/10/06,106/10/11,106/10/11,106/10/12
106/09/29,106/10/05,106/10/05,106/10/06,106/10/06,106/10/11,106/10/11
106/09/28,106/10/03,106/10/05,106/10/05,106/10/06,106/10/06,106/10/11
106/09/28,106/10/03,106/10/03,106/10/05,106/10/05,106/10/06,106/10/06
106/09/27,106/10/02,106/10/03,106/10/03,106/10/05,106/10/05,106/10/06
106/09/27,106/10/02,106/10/02,106/10/03,106/10/03,106/10/05,106/10/05
106/09/26,106/09/30,106/10/02,106/10/02,106/10/03,106/10/03,106/10/05
106/09/26,106/09/30,106/09/30,106/10/02,106/10/02,106/10/03,106/10/03
106/09/25,106/09/29,106/09/30,106/09/30,106/10/02,106/10/02,106/10/03
106/09/25,106/09/29,106/09/29,106/09/30,106/09/30,106/10/02,106/10/02
106/09/22,106/09/28,106/09/29,106/09/29,106/09/30,106/09/30,106/10/02
106/09/22,106/09/28,106/09/28,106/09/29,106/09/29,106/09/30,106/09/30
106/09/21,106/09/27,106/09/28,106/09/28,106/09/29,106/09/29,106/09/30
106/09/21,106/09/27,106/09/27,106/09/28,106/09/28,106/09/29,106/09/29
106/09/20,106/09/26,106/09/27,106/09/27,106/09/28,106/09/28,106/09/29
106/09/20,106/09/26,106/09/26,106/09/27,106/09/27,106/09/28,106/09/28
106/09/19,106/09/25,106/09/26,106/09/26,106/09/27,106/09/27,106/09/28
106/09/19,106/09/25,106/09/25,106/09/26,106/09/26,106/09/27,106/09/27
106/09/18,106/09/22,106/09/25,106/09/25,106/09/26,106/09/26,106/09/27
106/09/18,106/09/22,106/09/22,106/09/25,106/09/25,106/09/26,106/09/26
106/09/15,106/09/21,106/09/22,106/09/22,106/09/25,106/09/25,106/09/26
106/09/15,106/09/21,106/09/21,106/09/22,106/09/22,106/09/25,106/09/25
106/09/14,106/09/20,106/09/21,106/09/21,106/09/22,106/09/22,106/09/25
106/09/14,106/09/20,106/09/20,106/09/21,106/09/21,106/09/22,106/09/22
106/09/13,106/09/19,106/09/20,106/09/20,106/09/21,106/09/21,106/09/22
106/09/13,106/09/19,106/09/19,106/09/20,106/09/20,106/09/21,106/09/21
106/09/12,106/09/18,106/09/19,106/09/19,106/09/20,106/09/20,106/09/21
106/09/12,106/09/18,106/09/18,106/09/19,106/09/19,106/09/20,106/09/20
106/09/11,106/09/15,106/09/18,106/09/18,106/09/19,106/09/19,106/09/20
106/09/11,106/09/15,106/09/15,106/09/18,106/09/18,106/09/19,106/09/19
106/09/08,106/09/14,106/09/15,106/09/15,106/09/18,106/09/18,106/09/19
106/09/08,106/09/14,106/09/14,106/09/15,106/09/15,106/09/18,106/09/18
106/09/07,106/09/13,106/09/14,106/09/14,106/09/15,106/09/15,106/09/18
106/09/07,106/09/13,106/09/13,106/09/14,106/09/14,106/09/15,106/09/15
106/09/06,106/09/12,106/09/13,106/09/13,106/09/14,106/09/14,106/09/15
106/09/06,106/09/12,106/09/12,106/09/13,106/09/13,106/09/14,106/09/14
106/09/05,106/09/11,106/09/12,106/09/12,106/09/13,106/09/13,106/09/14
106/09/05,106/09/11,106/09/11,106/09/12,106/09/12,106/09/13,106/09/13
106/09/04,106/09/08,106/09/11,106/09/11,106/09/12,106/09/12,106/09/13
106/09/04,106/09/08,106/09/08,106/09/11,106/09/11,106/09/12,106/09/12
106/09/01,106/09/07,106/09/08,106/09/08,106/09/11,106/09/11,106/09/12
106/09/01,106/09/07,106/09/07,106/09/08,106/09/08,106/09/11,106/09/11
106/08/31,106/09/06,106/09/07,106/09/07,106/09/08,106/09/08,106/09/11
106/08/30,106/09/06,106/09/06,106/09/07,106/09/07,106/09/08,106/09/08
106/08/29,106/09/05,106/09/06,106/09/06,106/09/07,106/09/07,106/09/08
106/08/28,106/09/05,106/09/05,106/09/06,106/09/06,106/09/07,106/09/07
106/08/25,106/09/04,106/09/05,106/09/05,106/09/06,106/09/06,106/09/07
106/08/24,106/09/04,106/09/04,106/09/05,106/09/05,106/09/06,106/09/06
106/08/23,106/09/01,106/09/04,106/09/04,106/09/05,106/09/05,106/09/06
106/08/22,106/09/01,106/09/01,106/09/04,106/09/04,106/09/05,106/09/05
106/08/21,106/08/31,106/09/01,106/09/01,106/09/04,106/09/04,106/09/05
106/08/18,106/08/30,106/08/31,106/09/01,106/09/01,106/09/04,106/09/04
106/08/17,106/08/29,106/08/30,106/08/31,106/09/01,106/09/01,106/09/04
106/08/16,106/08/28,106/08/29,106/08/30,106/08/31,106/09/01,106/09/01
106/08/15,106/08/25,106/08/28,106/08/29,106/08/30,106/08/31,106/09/01
106/08/14,106/08/24,106/08/25,106/08/28,106/08/29,106/08/30,106/08/31
106/08/11,106/08/23,106/08/24,106/08/25,106/08/28,106/08/29,106/08/30
106/08/10,106/08/22,106/08/23,106/08/24,106/08/25,106/08/28,106/08/29
106/08/09,106/08/21,106/08/22,106/08/23,106/08/24,106/08/25,106/08/28
106/08/08,106/08/18,106/08/21,106/08/22,106/08/23,106/08/24,106/08/25
106/08/07,106/08/17,106/08/18,106/08/21,106/08/22,106/08/23,106/08/24
106/08/04,106/08/16,106/08/17,106/08/18,106/08/21,106/08/22,106/08/23
106/08/03,106/08/15,106/08/16,106/08/17,106/08/18,106/08/21,106/08/22
106/08/02,106/08/14,106/08/15,106/08/16,106/08/17,106/08/18,106/08/21
106/08/01,106/08/11,106/08/14,106/08/15,106/08/16,106/08/17,106/08/18
106/07/31,106/08/10,106/08/11,106/08/14,106/08/15,106/08/16,106/08/17
106/07/28,106/08/09,106/08/10,106/08/11,106/08/14,106/08/15,106/08/16
106/07/27,106/08/08,106/08/09,106/08/10,106/08/11,106/08/14,106/08/15
106/07/26,106/08/07,106/08/08,106/08/09,106/08/10,106/08/11,106/08/14
106/07/25,106/08/04,106/08/07,106/08/08,106/08/09,106/08/10,106/08/11
106/07/24,106/08/03,106/08/04,106/08/07,106/08/08,106/08/09,106/08/10
106/07/21,106/08/02,106/08/03,106/08/04,106/08/07,106/08/08,106/08/09
106/07/20,106/08/01,106/08/02,106/08/03,106/08/04,106/08/07,106/08/08
106/07/19,106/07/31,106/08/01,106/08/02,106/08/03,106/08/04,106/08/07
106/07/18,106/07/28,106/07/31,106/08/01,106/08/02,106/08/03,106/08/04
106/07/17,106/07/27,106/07/28,106/07/31,106/08/01,106/08/02,106/08/03
106/07/14,106/07/26,106/07/27,106/07/28,106/07/31,106/08/01,106/08/02
106/07/13,106/07/25,106/07/26,106/07/27,106/07/28,106/07/31,106/08/01
106/07/12,106/07/24,106/07/25,106/07/26,106/07/27,106/07/28,106/07/31
106/07/11,106/07/21,106/07/24,106/07/25,106/07/26,106/07/27,106/07/28
106/07/10,106/07/20,106/07/21,106/07/24,106/07/25,106/07/26,106/07/27
106/07/07,106/07/19,106/07/20,106/07/21,106/07/24,106/07/25,106/07/26
106/07/06,106/07/18,106/07/19,106/07/20,106/07/21,106/07/24,106/07/25
106/07/05,106/07/17,106/07/18,106/07/19,106/07/20,106/07/21,106/07/24
106/07/04,106/07/14,106/07/17,106/07/18,106/07/19,106/07/20,106/07/21
106/07/03,106/07/13,106/07/14,106/07/17,106/07/18,106/07/19,106/07/20
106/06/30,106/07/12,106/07/13,106/07/14,106/07/17,106/07/18,106/07/19
106/06/29,106/07/11,106/07/12,106/07/13,106/07/14,106/07/17,106/07/18
106/06/28,106/07/10,106/07/11,106/07/12,106/07/13,106/07/14,106/07/17
106/06/27,106/07/07,106/07/10,106/07/11,106/07/12,106/07/13,106/07/14
106/06/26,106/07/06,106/07/07,106/07/10,106/07/11,106/07/12,106/07/13
106/06/23,106/07/05,106/07/06,106/07/07,106/07/10,106/07/11,106/07/12
106/06/22,106/07/04,106/07/05,106/07/06,106/07/07,106/07/10,106/07/11
106/06/21,106/07/03,106/07/04,106/07/05,106/07/06,106/07/07,106/07/10
106/06/20,106/06/30,106/07/03,106/07/04,106/07/05,106/07/06,106/07/07
106/06/19,106/06/29,106/06/30,106/07/03,106/07/04,106/07/05,106/07/06
106/06/16,106/06/28,106/06/29,106/06/30,106/07/03,106/07/04,106/07/05
106/06/15,106/06/27,106/06/28,106/06/29,106/06/30,106/07/03,106/07/04
106/06/14,106/06/26,106/06/27,106/06/28,106/06/29,106/06/30,106/07/03
106/06/13,106/06/23,106/06/26,106/06/27,106/06/28,106/06/29,106/06/30
106/06/12,106/06/22,106/06/23,106/06/26,106/06/27,106/06/28,106/06/29
106/06/09,106/06/21,106/06/22,106/06/23,106/06/26,106/06/27,106/06/28
106/06/08,106/06/20,106/06/21,106/06/22,106/06/23,106/06/26,106/06/27
106/06/07,106/06/19,106/06/20,106/06/21,106/06/22,106/06/23,106/06/26
106/06/06,106/06/16,106/06/19,106/06/20,106/06/21,106/06/22,106/06/23
106/06/05,106/06/15,106/06/16,106/06/19,106/06/20,106/06/21,106/06/22
106/06/03,106/06/14,106/06/15,106/06/16,106/06/19,106/06/20,106/06/21
106/06/02,106/06/13,106/06/14,106/06/15,106/06/16,106/06/19,106/06/20
106/06/01,106/06/12,106/06/13,106/06/14,106/06/15,106/06/16,106/06/19
106/05/31,106/06/09,106/06/12,106/06/13,106/06/14,106/06/15,106/06/16
106/05/26,106/06/08,106/06/09,106/06/12,106/06/13,106/06/14,106/06/15
106/05/25,106/06/07,106/06/08,106/06/09,106/06/12,106/06/13,106/06/14
106/05/24,106/06/06,106/06/07,106/06/08,106/06/09,106/06/12,106/06/13
106/05/23,106/06/05,106/06/06,106/06/07,106/06/08,106/06/09,106/06/12
106/05/22,106/06/03,106/06/05,106/06/06,106/06/07,106/06/08,106/06/09
106/05/19,106/06/02,106/06/03,106/06/05,106/06/06,106/06/07,106/06/08
106/05/18,106/06/01,106/06/02,106/06/03,106/06/05,106/06/06,106/06/07
106/05/17,106/05/31,106/06/01,106/06/02,106/06/03,106/06/05,106/06/06
106/05/16,106/05/26,106/05/31,106/06/01,106/06/02,106/06/03,106/06/05
106/05/15,106/05/25,106/05/26,106/05/31,106/06/01,106/06/02,106/06/03
106/05/12,106/05/24,106/05/25,106/05/26,106/05/31,106/06/01,106/06/02
106/05/11,106/05/23,106/05/24,106/05/25,106/05/26,106/05/31,106/06/01
106/05/10,106/05/22,106/05/23,106/05/24,106/05/25,106/05/26,106/05/31
106/05/09,106/05/19,106/05/22,106/05/23,106/05/24,106/05/25,106/05/26
106/05/08,106/05/18,106/05/19,106/05/22,106/05/23,106/05/24,106/05/25
106/05/05,106/05/17,106/05/18,106/05/19,106/05/22,106/05/23,106/05/24
106/05/04,106/05/16,106/05/17,106/05/18,106/05/19,106/05/22,106/05/23
106/05/03,106/05/15,106/05/16,106/05/17,106/05/18,106/05/19,106/05/22
106/05/02,106/05/12,106/05/15,106/05/16,106/05/17,106/05/18,106/05/19
106/04/28,106/05/11,106/05/12,106/05/15,106/05/16,106/05/17,106/05/18
106/04/27,106/05/10,106/05/11,106/05/12,106/05/15,106/05/16,106/05/17
106/04/26,106/05/09,106/05/10,106/05/11,106/05/12,106/05/15,106/05/16
106/04/25,106/05/08,106/05/09,106/05/10,106/05/11,106/05/12,106/05/15
106/04/24,106/05/05,106/05/08,106/05/09,106/05/10,106/05/11,106/05/12
106/04/21,106/05/04,106/05/05,106/05/08,106/05/09,106/05/10,106/05/11
106/04/20,106/05/03,106/05/04,106/05/05,106/05/08,106/05/09,106/05/10
106/04/19,106/05/02,106/05/03,106/05/04,106/05/05,106/05/08,106/05/09
106/04/18,106/04/28,106/05/02,106/05/03,106/05/04,106/05/05,106/05/08
106/04/17,106/04/27,106/04/28,106/05/02,106/05/03,106/05/04,106/05/05
106/04/14,106/04/26,106/04/27,106/04/28,106/05/02,106/05/03,106/05/04
106/04/13,106/04/25,106/04/26,106/04/27,106/04/28,106/05/02,106/05/03
106/04/12,106/04/24,106/04/25,106/04/26,106/04/27,106/04/28,106/05/02
106/04/11,106/04/21,106/04/24,106/04/25,106/04/26,106/04/27,106/04/28
106/04/10,106/04/20,106/04/21,106/04/24,106/04/25,106/04/26,106/04/27
106/04/07,106/04/19,106/04/20,106/04/21,106/04/24,106/04/25,106/04/26
106/04/06,106/04/18,106/04/19,106/04/20,106/04/21,106/04/24,106/04/25
106/04/05,106/04/17,106/04/18,106/04/19,106/04/20,106/04/21,106/04/24
106/03/31,106/04/14,106/04/17,106/04/18,106/04/19,106/04/20,106/04/21
106/03/30,106/04/13,106/04/14,106/04/17,106/04/18,106/04/19,106/04/20
106/03/29,106/04/12,106/04/13,106/04/14,106/04/17,106/04/18,106/04/19
106/03/28,106/04/11,106/04/12,106/04/13,106/04/14,106/04/17,106/04/18
106/03/27,106/04/10,106/04/11,106/04/12,106/04/13,106/04/14,106/04/17
106/03/24,106/04/07,106/04/10,106/04/11,106/04/12,106/04/13,106/04/14
106/03/23,106/04/06,106/04/07,106/04/10,106/04/11,106/04/12,106/04/13
106/03/22,106/04/05,106/04/06,106/04/07,106/04/10,106/04/11,106/04/12
106/03/21,106/03/31,106/04/05,106/04/06,106/04/07,106/04/10,106/04/11
106/03/20,106/03/30,106/03/31,106/04/05,106/04/06,106/04/07,106/04/10
106/03/17,106/03/29,106/03/30,106/03/31,106/04/05,106/04/06,106/04/07
106/03/16,106/03/28,106/03/29,106/03/30,106/03/31,106/04/05,106/04/06
106/03/15,106/03/27,106/03/28,106/03/29,106/03/30,106/03/31,106/04/05
106/03/14,106/03/24,106/03/27,106/03/28,106/03/29,106/03/30,106/03/31
106/03/13,106/03/23,106/03/24,106/03/27,106/03/28,106/03/29,106/03/30
106/03/10,106/03/22,106/03/23,106/03/24,106/03/27,106/03/28,106/03/29
106/03/09,106/03/21,106/03/22,106/03/23,106/03/24,106/03/27,106/03/28
106/03/08,106/03/20,106/03/21,106/03/22,106/03/23,106/03/24,106/03/27
106/03/07,106/03/17,106/03/20,106/03/21,106/03/22,106/03/23,106/03/24
106/03/06,106/03/16,106/03/17,106/03/20,106/03/21,106/03/22,106/03/23
106/03/03,106/03/15,106/03/16,106/03/17,106/03/20,106/03/21,106/03/22
106/03/02,106/03/14,106/03/15,106/03/16,106/03/17,106/03/20,106/03/21
106/03/01,106/03/13,106/03/14,106/03/15,106/03/16,106/03/17,106/03/20
106/02/24,106/03/10,106/03/13,106/03/14,106/03/15,106/03/16,106/03/17
106/02/23,106/03/09,106/03/10,106/03/13,106/03/14,106/03/15,106/03/16
106/02/22,106/03/08,106/03/09,106/03/10,106/03/13,106/03/14,106/03/15
106/02/21,106/03/07,106/03/08,106/03/09,106/03/10,106/03/13,106/03/14
106/02/20,106/03/06,106/03/07,106/03/08,106/03/09,106/03/10,106/03/13
106/02/18,106/03/03,106/03/06,106/03/07,106/03/08,106/03/09,106/03/10
106/02/17,106/03/02,106/03/03,106/03/06,106/03/07,106/03/08,106/03/09
106/02/16,106/03/01,106/03/02,106/03/03,106/03/06,106/03/07,106/03/08
106/02/15,106/02/24,106/03/01,106/03/02,106/03/03,106/03/06,106/03/07
106/02/14,106/02/23,106/02/24,106/03/01,106/03/02,106/03/03,106/03/06
106/02/13,106/02/22,106/02/23,106/02/24,106/03/01,106/03/02,106/03/03
106/02/10,106/02/21,106/02/22,106/02/23,106/02/24,106/03/01,106/03/02
106/02/09,106/02/20,106/02/21,106/02/22,106/02/23,106/02/24,106/03/01
106/02/08,106/02/18,106/02/20,106/02/21,106/02/22,106/02/23,106/02/24
106/02/07,106/02/17,106/02/18,106/02/20,106/02/21,106/02/22,106/02/23
106/02/06,106/02/16,106/02/17,106/02/18,106/02/20,106/02/21,106/02/22
106/02/03,106/02/15,106/02/16,106/02/17,106/02/18,106/02/20,106/02/21
106/02/02,106/02/14,106/02/15,106/02/16,106/02/17,106/02/18,106/02/20
106/01/24,106/02/13,106/02/14,106/02/15,106/02/16,106/02/17,106/02/18
106/01/23,106/02/10,106/02/13,106/02/14,106/02/15,106/02/16,106/02/17
106/01/20,106/02/09,106/02/10,106/02/13,106/02/14,106/02/15,106/02/16
106/01/19,106/02/08,106/02/09,106/02/10,106/02/13,106/02/14,106/02/15
106/01/18,106/02/07,106/02/08,106/02/09,106/02/10,106/02/13,106/02/14
106/01/17,106/02/06,106/02/07,106/02/08,106/02/09,106/02/10,106/02/13
106/01/16,106/02/03,106/02/06,106/02/07,106/02/08,106/02/09,106/02/10
106/01/13,106/02/02,106/02/03,106/02/06,106/02/07,106/02/08,106/02/09
106/01/12,106/01/24,106/02/02,106/02/03,106/02/06,106/02/07,106/02/08
106/01/11,106/01/23,106/01/24,106/02/02,106/02/03,106/02/06,106/02/07
106/01/10,106/01/20,106/01/23,106/01/24,106/02/02,106/02/03,106/02/06
106/01/09,106/01/19,106/01/20,106/01/23,106/01/24,106/02/02,106/02/03
106/01/06,106/01/18,106/01/19,106/01/20,106/01/23,106/01/24,106/02/02
106/01/05,106/01/17,106/01/18,106/01/19,106/01/20,106/01/23,106/01/24
106/01/04,106/01/16,106/01/17,106/01/18,106/01/19,106/01/20,106/01/23
106/01/03,106/01/13,106/01/16,106/01/17,106/01/18,106/01/19,106/01/20
105/12/30,106/01/12,106/01/13,106/01/16,106/01/17,106/01/18,106/01/19
105/12/29,106/01/11,106/01/12,106/01/13,106/01/16,106/01/17,106/01/18
105/12/28,106/01/10,106/01/11,106/01/12,106/01/13,106/01/16,106/01/17
105/12/27,106/01/09,106/01/10,106/01/11,106/01/12,106/01/13,106/01/16
105/12/26,106/01/06,106/01/09,106/01/10,106/01/11,106/01/12,106/01/13
105/12/23,106/01/05,106/01/06,106/01/09,106/01/10,106/01/11,106/01/12
105/12/22,106/01/04,106/01/05,106/01/06,106/01/09,106/01/10,106/01/11
105/12/21,106/01/03,106/01/04,106/01/05,106/01/06,106/01/09,106/01/10
105/12/20,105/12/30,106/01/03,106/01/04,106/01/05,106/01/06,106/01/09
105/12/19,105/12/29,105/12/30,106/01/03,106/01/04,106/01/05,106/01/06
105/12/16,105/12/28,105/12/29,105/12/30,106/01/03,106/01/04,106/01/05
105/12/15,105/12/27,105/12/28,105/12/29,105/12/30,106/01/03,106/01/04
105/12/14,105/12/26,105/12/27,105/12/28,105/12/29,105/12/30,106/01/03
105/12/13,105/12/23,105/12/26,105/12/27,105/12/28,105/12/29,105/12/30
105/12/12,105/12/22,105/12/23,105/12/26,105/12/27,105/12/28,105/12/29
105/12/09,105/12/21,105/12/22,105/12/23,105/12/26,105/12/27,105/12/28
105/12/08,105/12/20,105/12/21,105/12/22,105/12/23,105/12/26,105/12/27
105/12/07,105/12/19,105/12/20,105/12/21,105/12/22,105/12/23,105/12/26
105/12/06,105/12/16,105/12/19,105/12/20,105/12/21,105/12/22,105/12/23
105/12/05,105/12/15,105/12/16,105/12/19,105/12/20,105/12/21,105/12/22
105/12/02,105/12/14,105/12/15,105/12/16,105/12/19,105/12/20,105/12/21
105/12/01,105/12/13,105/12/14,105/12/15,105/12/16,105/12/19,105/12/20
105/11/30,105/12/12,105/12/13,105/12/14,105/12/15,105/12/16,105/12/19
105/11/29,105/12/09,105/12/12,105/12/13,105/12/14,105/12/15,105/12/16
105/11/28,105/12/08,105/12/09,105/12/12,105/12/13,105/12/14,105/12/15
105/11/25,105/12/07,105/12/08,105/12/09,105/12/12,105/12/13,105/12/14
105/11/24,105/12/06,105/12/07,105/12/08,105/12/09,105/12/12,105/12/13
105/11/23,105/12/05,105/12/06,105/12/07,105/12/08,105/12/09,105/12/12
105/11/22,105/12/02,105/12/05,105/12/06,105/12/07,105/12/08,105/12/09
105/11/21,105/12/01,105/12/02,105/12/05,105/12/06,105/12/07,105/12/08
105/11/18,105/11/30,105/12/01,105/12/02,105/12/05,105/12/06,105/12/07
105/11/17,105/11/29,105/11/30,105/12/01,105/12/02,105/12/05,105/12/06
105/11/16,105/11/28,105/11/29,105/11/30,105/12/01,105/12/02,105/12/05
105/11/15,105/11/25,105/11/28,105/11/29,105/11/30,105/12/01,105/12/02
105/11/14,105/11/24,105/11/25,105/11/28,105/11/29,105/11/30,105/12/01
105/11/11,105/11/23,105/11/24,105/11/25,105/11/28,105/11/29,105/11/30
105/11/10,105/11/22,105/11/23,105/11/24,105/11/25,105/11/28,105/11/29
105/11/09,105/11/21,105/11/22,105/11/23,105/11/24,105/11/25,105/11/28
105/11/08,105/11/18,105/11/21,105/11/22,105/11/23,105/11/24,105/11/25
105/11/07,105/11/17,105/11/18,105/11/21,105/11/22,105/11/23,105/11/24
105/11/04,105/11/16,105/11/17,105/11/18,105/11/21,105/11/22,105/11/23
105/11/03,105/11/15,105/11/16,105/11/17,105/11/18,105/11/21,105/11/22
105/11/02,105/11/14,105/11/15,105/11/16,105/11/17,105/11/18,105/11/21
105/11/01,105/11/11,105/11/14,105/11/15,105/11/16,105/11/17,105/11/18
105/10/31,105/11/10,105/11/11,105/11/14,105/11/15,105/11/16,105/11/17
105/10/28,105/11/09,105/11/10,105/11/11,105/11/14,105/11/15,105/11/16
105/10/27,105/11/08,105/11/09,105/11/10,105/11/11,105/11/14,105/11/15
105/10/26,105/11/07,105/11/08,105/11/09,105/11/10,105/11/11,105/11/14
105/10/25,105/11/04,105/11/07,105/11/08,105/11/09,105/11/10,105/11/11
105/10/24,105/11/03,105/11/04,105/11/07,105/11/08,105/11/09,105/11/10
105/10/21,105/11/02,105/11/03,105/11/04,105/11/07,105/11/08,105/11/09
105/10/20,105/11/01,105/11/02,105/11/03,105/11/04,105/11/07,105/11/08
105/10/19,105/10/31,105/11/01,105/11/02,105/11/03,105/11/04,105/11/07
105/10/18,105/10/28,105/10/31,105/11/01,105/11/02,105/11/03,105/11/04
105/10/17,105/10/27,105/10/28,105/10/31,105/11/01,105/11/02,105/11/03
105/10/14,105/10/26,105/10/27,105/10/28,105/10/31,105/11/01,105/11/02
105/10/13,105/10/25,105/10/26,105/10/27,105/10/28,105/10/31,105/11/01
105/10/12,105/10/24,105/10/25,105/10/26,105/10/27,105/10/28,105/10/31
105/10/11,105/10/21,105/10/24,105/10/25,105/10/26,105/10/27,105/10/28
105/10/07,105/10/20,105/10/21,105/10/24,105/10/25,105/10/26,105/10/27
105/10/06,105/10/19,105/10/20,105/10/21,105/10/24,105/10/25,105/10/26
105/10/05,105/10/18,105/10/19,105/10/20,105/10/21,105/10/24,105/10/25
105/10/04,105/10/17,105/10/18,105/10/19,105/10/20,105/10/21,105/10/24
105/10/03,105/10/14,105/10/17,105/10/18,105/10/19,105/10/20,105/10/21
105/09/30,105/10/13,105/10/14,105/10/17,105/10/18,105/10/19,105/10/20
105/09/29,105/10/12,105/10/13,105/10/14,105/10/17,105/10/18,105/10/19
105/09/26,105/10/11,105/10/12,105/10/13,105/10/14,105/10/17,105/10/18
105/09/23,105/10/07,105/10/11,105/10/12,105/10/13,105/10/14,105/10/17
105/09/22,105/10/06,105/10/07,105/10/11,105/10/12,105/10/13,105/10/14
105/09/21,105/10/05,105/10/06,105/10/07,105/10/11,105/10/12,105/10/13
105/09/20,105/10/04,105/10/05,105/10/06,105/10/07,105/10/11,105/10/12
105/09/19,105/10/03,105/10/04,105/10/05,105/10/06,105/10/07,105/10/11
105/09/14,105/09/30,105/10/03,105/10/04,105/10/05,105/10/06,105/10/07
105/09/13,105/09/29,105/09/30,105/10/03,105/10/04,105/10/05,105/10/06
105/09/12,105/09/26,105/09/29,105/09/30,105/10/03,105/10/04,105/10/05
105/09/10,105/09/23,105/09/26,105/09/29,105/09/30,105/10/03,105/10/04
105/09/09,105/09/22,105/09/23,105/09/26,105/09/29,105/09/30,105/10/03
105/09/08,105/09/21,105/09/22,105/09/23,105/09/26,105/09/29,105/09/30
105/09/07,105/09/20,105/09/21,105/09/22,105/09/23,105/09/26,105/09/29
105/09/06,105/09/19,105/09/20,105/09/21,105/09/22,105/09/23,105/09/26
105/09/05,105/09/14,105/09/19,105/09/20,105/09/21,105/09/22,105/09/23
105/09/02,105/09/13,105/09/14,105/09/19,105/09/20,105/09/21,105/09/22
105/09/01,105/09/12,105/09/13,105/09/14,105/09/19,105/09/20,105/09/21
105/08/31,105/09/10,105/09/12,105/09/13,105/09/14,105/09/19,105/09/20
105/08/30,105/09/09,105/09/10,105/09/12,105/09/13,105/09/14,105/09/19
105/08/29,105/09/08,105/09/09,105/09/10,105/09/12,105/09/13,105/09/14
105/08/26,105/09/07,105/09/08,105/09/09,105/09/10,105/09/12,105/09/13
105/08/25,105/09/06,105/09/07,105/09/08,105/09/09,105/09/10,105/09/12
105/08/24,105/09/05,105/09/06,105/09/07,105/09/08,105/09/09,105/09/10
105/08/23,105/09/02,105/09/05,105/09/06,105/09/07,105/09/08,105/09/09
105/08/22,105/09/01,105/09/02,105/09/05,105/09/06,105/09/07,105/09/08
105/08/19,105/08/31,105/09/01,105/09/02,105/09/05,105/09/06,105/09/07
105/08/18,105/08/30,105/08/31,105/09/01,105/09/02,105/09/05,105/09/06
105/08/17,105/08/29,105/08/30,105/08/31,105/09/01,105/09/02,105/09/05
105/08/16,105/08/26,105/08/29,105/08/30,105/08/31,105/09/01,105/09/02
105/08/15,105/08/25,105/08/26,105/08/29,105/08/30,105/08/31,105/09/01
105/08/12,105/08/24,105/08/25,105/08/26,105/08/29,105/08/30,105/08/31
105/08/11,105/08/23,105/08/24,105/08/25,105/08/26,105/08/29,105/08/30
105/08/10,105/08/22,105/08/23,105/08/24,105/08/25,105/08/26,105/08/29
105/08/09,105/08/19,105/08/22,105/08/23,105/08/24,105/08/25,105/08/26
105/08/08,105/08/18,105/08/19,105/08/22,105/08/23,105/08/24,105/08/25
105/08/05,105/08/17,105/08/18,105/08/19,105/08/22,105/08/23,105/08/24
105/08/04,105/08/16,105/08/17,105/08/18,105/08/19,105/08/22,105/08/23
105/08/03,105/08/15,105/08/16,105/08/17,105/08/18,105/08/19,105/08/22
105/08/02,105/08/12,105/08/15,105/08/16,105/08/17,105/08/18,105/08/19
105/08/01,105/08/11,105/08/12,105/08/15,105/08/16,105/08/17,105/08/18
105/07/29,105/08/10,105/08/11,105/08/12,105/08/15,105/08/16,105/08/17
105/07/28,105/08/09,105/08/10,105/08/11,105/08/12,105/08/15,105/08/16
105/07/27,105/08/08,105/08/09,105/08/10,105/08/11,105/08/12,105/08/15
105/07/26,105/08/05,105/08/08,105/08/09,105/08/10,105/08/11,105/08/12
105/07/25,105/08/04,105/08/05,105/08/08,105/08/09,105/08/10,105/08/11
105/07/22,105/08/03,105/08/04,105/08/05,105/08/08,105/08/09,105/08/10
105/07/21,105/08/02,105/08/03,105/08/04,105/08/05,105/08/08,105/08/09
105/07/20,105/08/01,105/08/02,105/08/03,105/08/04,105/08/05,105/08/08
105/07/19,105/07/29,105/08/01,105/08/02,105/08/03,105/08/04,105/08/05
105/07/18,105/07/28,105/07/29,105/08/01,105/08/02,105/08/03,105/08/04
105/07/15,105/07/27,105/07/28,105/07/29,105/08/01,105/08/02,105/08/03
105/07/14,105/07/26,105/07/27,105/07/28,105/07/29,105/08/01,105/08/02
105/07/13,105/07/25,105/07/26,105/07/27,105/07/28,105/07/29,105/08/01
105/07/12,105/07/22,105/07/25,105/07/26,105/07/27,105/07/28,105/07/29
105/07/11,105/07/21,105/07/22,105/07/25,105/07/26,105/07/27,105/07/28
105/07/07,105/07/20,105/07/21,105/07/22,105/07/25,105/07/26,105/07/27
105/07/06,105/07/19,105/07/20,105/07/21,105/07/22,105/07/25,105/07/26
105/07/05,105/07/18,105/07/19,105/07/20,105/07/21,105/07/22,105/07/25
105/07/04,105/07/15,105/07/18,105/07/19,105/07/20,105/07/21,105/07/22
105/07/01,105/07/14,105/07/15,105/07/18,105/07/19,105/07/20,105/07/21
105/06/30,105/07/13,105/07/14,105/07/15,105/07/18,105/07/19,105/07/20
105/06/29,105/07/12,105/07/13,105/07/14,105/07/15,105/07/18,105/07/19
105/06/28,105/07/11,105/07/12,105/07/13,105/07/14,105/07/15,105/07/18
105/06/27,105/07/07,105/07/11,105/07/12,105/07/13,105/07/14,105/07/15
105/06/24,105/07/06,105/07/07,105/07/11,105/07/12,105/07/13,105/07/14
105/06/23,105/07/05,105/07/06,105/07/07,105/07/11,105/07/12,105/07/13
105/06/22,105/07/04,105/07/05,105/07/06,105/07/07,105/07/11,105/07/12
105/06/21,105/07/01,105/07/04,105/07/05,105/07/06,105/07/07,105/07/11
105/06/20,105/06/30,105/07/01,105/07/04,105/07/05,105/07/06,105/07/07
105/06/17,105/06/29,105/06/30,105/07/01,105/07/04,105/07/05,105/07/06
105/06/16,105/06/28,105/06/29,105/06/30,105/07/01,105/07/04,105/07/05
105/06/15,105/06/27,105/06/28,105/06/29,105/06/30,105/07/01,105/07/04
105/06/14,105/06/24,105/06/27,105/06/28,105/06/29,105/06/30,105/07/01
105/06/13,105/06/23,105/06/24,105/06/27,105/06/28,105/06/29,105/06/30
105/06/08,105/06/22,105/06/23,105/06/24,105/06/27,105/06/28,105/06/29
105/06/07,105/06/21,105/06/22,105/06/23,105/06/24,105/06/27,105/06/28
105/06/06,105/06/20,105/06/21,105/06/22,105/06/23,105/06/24,105/06/27
105/06/04,105/06/17,105/06/20,105/06/21,105/06/22,105/06/23,105/06/24
105/06/03,105/06/16,105/06/17,105/06/20,105/06/21,105/06/22,105/06/23
105/06/02,105/06/15,105/06/16,105/06/17,105/06/20,105/06/21,105/06/22
105/06/01,105/06/14,105/06/15,105/06/16,105/06/17,105/06/20,105/06/21
105/05/31,105/06/13,105/06/14,105/06/15,105/06/16,105/06/17,105/06/20
105/05/30,105/06/08,105/06/13,105/06/14,105/06/15,105/06/16,105/06/17
105/05/27,105/06/07,105/06/08,105/06/13,105/06/14,105/06/15,105/06/16
105/05/26,105/06/06,105/06/07,105/06/08,105/06/13,105/06/14,105/06/15
105/05/25,105/06/04,105/06/06,105/06/07,105/06/08,105/06/13,105/06/14
105/05/24,105/06/03,105/06/04,105/06/06,105/06/07,105/06/08,105/06/13
105/05/23,105/06/02,105/06/03,105/06/04,105/06/06,105/06/07,105/06/08
105/05/20,105/06/01,105/06/02,105/06/03,105/06/04,105/06/06,105/06/07
105/05/19,105/05/31,105/06/01,105/06/02,105/06/03,105/06/04,105/06/06
105/05/18,105/05/30,105/05/31,105/06/01,105/06/02,105/06/03,105/06/04
105/05/17,105/05/27,105/05/30,105/05/31,105/06/01,105/06/02,105/06/03
105/05/16,105/05/26,105/05/27,105/05/30,105/05/31,105/06/01,105/06/02
105/05/13,105/05/25,105/05/26,105/05/27,105/05/30,105/05/31,105/06/01
105/05/12,105/05/24,105/05/25,105/05/26,105/05/27,105/05/30,105/05/31
105/05/11,105/05/23,105/05/24,105/05/25,105/05/26,105/05/27,105/05/30
105/05/10,105/05/20,105/05/23,105/05/24,105/05/25,105/05/26,105/05/27
105/05/09,105/05/19,105/05/20,105/05/23,105/05/24,105/05/25,105/05/26
105/05/06,105/05/18,105/05/19,105/05/20,105/05/23,105/05/24,105/05/25
105/05/05,105/05/17,105/05/18,105/05/19,105/05/20,105/05/23,105/05/24
105/05/04,105/05/16,105/05/17,105/05/18,105/05/19,105/05/20,105/05/23
105/05/03,105/05/13,105/05/16,105/05/17,105/05/18,105/05/19,105/05/20
105/04/29,105/05/12,105/05/13,105/05/16,105/05/17,105/05/18,105/05/19
105/04/28,105/05/11,105/05/12,105/05/13,105/05/16,105/05/17,105/05/18
105/04/27,105/05/10,105/05/11,105/05/12,105/05/13,105/05/16,105/05/17
105/04/26,105/05/09,105/05/10,105/05/11,105/05/12,105/05/13,105/05/16
105/04/25,105/05/06,105/05/09,105/05/10,105/05/11,105/05/12,105/05/13
105/04/22,105/05/05,105/05/06,105/05/09,105/05/10,105/05/11,105/05/12
105/04/21,105/05/04,105/05/05,105/05/06,105/05/09,105/05/10,105/05/11
105/04/20,105/05/03,105/05/04,105/05/05,105/05/06,105/05/09,105/05/10
105/04/19,105/04/29,105/05/03,105/05/04,105/05/05,105/05/06,105/05/09
105/04/18,105/04/28,105/04/29,105/05/03,105/05/04,105/05/05,105/05/06
105/04/15,105/04/27,105/04/28,105/04/29,105/05/03,105/05/04,105/05/05
105/04/14,105/04/26,105/04/27,105/04/28,105/04/29,105/05/03,105/05/04
105/04/13,105/04/25,105/04/26,105/04/27,105/04/28,105/04/29,105/05/03
105/04/12,105/04/22,105/04/25,105/04/26,105/04/27,105/04/28,105/04/29
105/04/11,105/04/21,105/04/22,105/04/25,105/04/26,105/04/27,105/04/28
105/04/08,105/04/20,105/04/21,105/04/22,105/04/25,105/04/26,105/04/27
105/04/07,105/04/19,105/04/20,105/04/21,105/04/22,105/04/25,105/04/26
105/04/06,105/04/18,105/04/19,105/04/20,105/04/21,105/04/22,105/04/25
105/04/01,105/04/15,105/04/18,105/04/19,105/04/20,105/04/21,105/04/22
105/03/31,105/04/14,105/04/15,105/04/18,105/04/19,105/04/20,105/04/21
105/03/30,105/04/13,105/04/14,105/04/15,105/04/18,105/04/19,105/04/20
105/03/29,105/04/12,105/04/13,105/04/14,105/04/15,105/04/18,105/04/19
105/03/28,105/04/11,105/04/12,105/04/13,105/04/14,105/04/15,105/04/18
105/03/25,105/04/08,105/04/11,105/04/12,105/04/13,105/04/14,105/04/15
105/03/24,105/04/07,105/04/08,105/04/11,105/04/12,105/04/13,105/04/14
105/03/23,105/04/06,105/04/07,105/04/08,105/04/11,105/04/12,105/04/13
105/03/22,105/04/01,105/04/06,105/04/07,105/04/08,105/04/11,105/04/12
105/03/21,105/03/31,105/04/01,105/04/06,105/04/07,105/04/08,105/04/11
105/03/18,105/03/30,105/03/31,105/04/01,105/04/06,105/04/07,105/04/08
105/03/17,105/03/29,105/03/30,105/03/31,105/04/01,105/04/06,105/04/07
105/03/16,105/03/28,105/03/29,105/03/30,105/03/31,105/04/01,105/04/06
105/03/15,105/03/25,105/03/28,105/03/29,105/03/30,105/03/31,105/04/01
105/03/14,105/03/24,105/03/25,105/03/28,105/03/29,105/03/30,105/03/31
105/03/11,105/03/23,105/03/24,105/03/25,105/03/28,105/03/29,105/03/30
105/03/10,105/03/22,105/03/23,105/03/24,105/03/25,105/03/28,105/03/29
105/03/09,105/03/21,105/03/22,105/03/23,105/03/24,105/03/25,105/03/28
105/03/08,105/03/18,105/03/21,105/03/22,105/03/23,105/03/24,105/03/25
105/03/07,105/03/17,105/03/18,105/03/21,105/03/22,105/03/23,105/03/24
105/03/04,105/03/16,105/03/17,105/03/18,105/03/21,105/03/22,105/03/23
105/03/03,105/03/15,105/03/16,105/03/17,105/03/18,105/03/21,105/03/22
105/03/02,105/03/14,105/03/15,105/03/16,105/03/17,105/03/18,105/03/21
105/03/01,105/03/11,105/03/14,105/03/15,105/03/16,105/03/17,105/03/18
105/02/26,105/03/10,105/03/11,105/03/14,105/03/15,105/03/16,105/03/17
105/02/25,105/03/09,105/03/10,105/03/11,105/03/14,105/03/15,105/03/16
105/02/24,105/03/08,105/03/09,105/03/10,105/03/11,105/03/14,105/03/15
105/02/23,105/03/07,105/03/08,105/03/09,105/03/10,105/03/11,105/03/14
105/02/22,105/03/04,105/03/07,105/03/08,105/03/09,105/03/10,105/03/11
105/02/19,105/03/03,105/03/04,105/03/07,105/03/08,105/03/09,105/03/10
105/02/18,105/03/02,105/03/03,105/03/04,105/03/07,105/03/08,105/03/09
105/02/17,105/03/01,105/03/02,105/03/03,105/03/04,105/03/07,105/03/08
105/02/16,105/02/26,105/03/01,105/03/02,105/03/03,105/03/04,105/03/07
105/02/15,105/02/25,105/02/26,105/03/01,105/03/02,105/03/03,105/03/04
105/02/03,105/02/24,105/02/25,105/02/26,105/03/01,105/03/02,105/03/03
105/02/02,105/02/23,105/02/24,105/02/25,105/02/26,105/03/01,105/03/02
105/02/01,105/02/22,105/02/23,105/02/24,105/02/25,105/02/26,105/03/01
105/01/30,105/02/19,105/02/22,105/02/23,105/02/24,105/02/25,105/02/26
105/01/29,105/02/18,105/02/19,105/02/22,105/02/23,105/02/24,105/02/25
105/01/28,105/02/17,105/02/18,105/02/19,105/02/22,105/02/23,105/02/24
105/01/27,105/02/16,105/02/17,105/02/18,105/02/19,105/02/22,105/02/23
105/01/26,105/02/15,105/02/16,105/02/17,105/02/18,105/02/19,105/02/22
105/01/25,105/02/03,105/02/15,105/02/16,105/02/17,105/02/18,105/02/19
105/01/22,105/02/02,105/02/03,105/02/15,105/02/16,105/02/17,105/02/18
105/01/21,105/02/01,105/02/02,105/02/03,105/02/15,105/02/16,105/02/17
105/01/20,105/01/30,105/02/01,105/02/02,105/02/03,105/02/15,105/02/16
105/01/19,105/01/29,105/01/30,105/02/01,105/02/02,105/02/03,105/02/15
105/01/18,105/01/28,105/01/29,105/01/30,105/02/01,105/02/02,105/02/03
105/01/15,105/01/27,105/01/28,105/01/29,105/01/30,105/02/01,105/02/02
105/01/14,105/01/26,105/01/27,105/01/28,105/01/29,105/01/30,105/02/01
105/01/13,105/01/25,105/01/26,105/01/27,105/01/28,105/01/29,105/01/30
105/01/12,105/01/22,105/01/25,105/01/26,105/01/27,105/01/28,105/01/29
105/01/11,105/01/21,105/01/22,105/01/25,105/01/26,105/01/27,105/01/28
105/01/08,105/01/20,105/01/21,105/01/22,105/01/25,105/01/26,105/01/27
105/01/07,105/01/19,105/01/20,105/01/21,105/01/22,105/01/25,105/01/26
105/01/06,105/01/18,105/01/19,105/01/20,105/01/21,105/01/22,105/01/25
105/01/05,105/01/15,105/01/18,105/01/19,105/01/20,105/01/21,105/01/22
105/01/04,105/01/14,105/01/15,105/01/18,105/01/19,105/01/20,105/01/21
